-- --------------------------------------------------------
-- Host:                         127.0.0.1
-- Server version:               10.6.12-MariaDB-0ubuntu0.22.04.1 - Ubuntu 22.04
-- Server OS:                    debian-linux-gnu
-- HeidiSQL Version:             12.1.0.6537
-- --------------------------------------------------------

/*!40101 SET @OLD_CHARACTER_SET_CLIENT=@@CHARACTER_SET_CLIENT */;
/*!40101 SET NAMES utf8 */;
/*!50503 SET NAMES utf8mb4 */;
/*!40103 SET @OLD_TIME_ZONE=@@TIME_ZONE */;
/*!40103 SET TIME_ZONE='+00:00' */;
/*!40014 SET @OLD_FOREIGN_KEY_CHECKS=@@FOREIGN_KEY_CHECKS, FOREIGN_KEY_CHECKS=0 */;
/*!40101 SET @OLD_SQL_MODE=@@SQL_MODE, SQL_MODE='NO_AUTO_VALUE_ON_ZERO' */;
/*!40111 SET @OLD_SQL_NOTES=@@SQL_NOTES, SQL_NOTES=0 */;


-- Dumping database structure for thingspeaklocal
CREATE DATABASE IF NOT EXISTS `thingspeaklocal` /*!40100 DEFAULT CHARACTER SET utf8mb4 COLLATE utf8mb4_unicode_ci */;
USE `thingspeaklocal`;

-- Dumping structure for table thingspeaklocal.devices
CREATE TABLE IF NOT EXISTS `devices` (
  `id` int(11) NOT NULL AUTO_INCREMENT,
  `device_id` varchar(150) DEFAULT NULL,
  `model` varchar(255) DEFAULT NULL,
  `site_id` int(15) DEFAULT NULL,
  `type` varchar(255) DEFAULT NULL,
  `location_id` int(15) DEFAULT NULL,
  `status` varchar(255) DEFAULT NULL,
  `user_id` int(10) unsigned DEFAULT NULL,
  `updated_at` timestamp NULL DEFAULT NULL,
  `created_at` timestamp NULL DEFAULT NULL,
  KEY `fk_devices_user_id` (`user_id`),
  KEY `primary_key` (`id`) USING BTREE,
  CONSTRAINT `fk_devices_user_id` FOREIGN KEY (`user_id`) REFERENCES `users22` (`id`)
) ENGINE=InnoDB AUTO_INCREMENT=29 DEFAULT CHARSET=utf8mb4 COLLATE=utf8mb4_unicode_ci;

-- Dumping data for table thingspeaklocal.devices: ~2 rows (approximately)
INSERT INTO `devices` (`id`, `device_id`, `model`, `site_id`, `type`, `location_id`, `status`, `user_id`, `updated_at`, `created_at`) VALUES
	(3, 'TCHSVNNH2023001', 'smart meter', 5, 'PG Monitor', 5, 'Online', 1, '2023-06-05 18:39:09', '2023-06-12 22:23:35'),
	(27, '4566', 'NewModelT5', 5, 'PG Monitor', 7, 'Offline', 1, '2023-06-14 08:11:09', '2023-06-14 08:11:09');

-- Dumping structure for table thingspeaklocal.distance
CREATE TABLE IF NOT EXISTS `distance` (
  `id` int(11) NOT NULL AUTO_INCREMENT,
  `tank_level` varchar(50) DEFAULT NULL,
  `battery_level` int(11) DEFAULT NULL,
  `device_id` varchar(50) DEFAULT NULL,
  `name` varchar(100) DEFAULT NULL,
  `status` varchar(100) DEFAULT NULL,
  `last_refresh` varchar(100) DEFAULT NULL,
  `signal_stregth` varchar(250) DEFAULT NULL,
  `created_at` timestamp NOT NULL DEFAULT current_timestamp() ON UPDATE current_timestamp(),
  `updated_at` timestamp NOT NULL DEFAULT '0000-00-00 00:00:00',
  KEY `Index 1` (`id`)
) ENGINE=InnoDB AUTO_INCREMENT=1258 DEFAULT CHARSET=utf8mb4 COLLATE=utf8mb4_unicode_ci;

-- Dumping data for table thingspeaklocal.distance: ~653 rows (approximately)
INSERT INTO `distance` (`id`, `tank_level`, `battery_level`, `device_id`, `name`, `status`, `last_refresh`, `signal_stregth`, `created_at`, `updated_at`) VALUES
	(601, '0.00', NULL, 'TCHSVNNH2023001', 'Tank Level Monitor', 'OFF', '12:01:59', '0', '2023-05-27 07:06:49', '2023-05-27 07:06:49'),
	(602, '0.00', NULL, 'TCHSVNNH2023001', 'Tank Level Monitor', 'OFF', '12:02:02', '0', '2023-05-27 07:06:51', '2023-05-27 07:06:51'),
	(603, '0.00', NULL, 'TCHSVNNH2023001', 'Tank Level Monitor', 'OFF', '12:02:04', '0', '2023-05-27 07:06:56', '2023-05-27 07:06:56'),
	(604, '0.00', NULL, 'TCHSVNNH2023001', 'Tank Level Monitor', 'OFF', '12:02:09', '0', '2023-05-27 07:06:57', '2023-05-27 07:06:57'),
	(605, '0.00', NULL, 'TCHSVNNH2023001', 'Tank Level Monitor', 'OFF', '12:02:13', '0', '2023-05-27 07:07:02', '2023-05-27 07:07:02'),
	(606, '0.00', NULL, 'TCHSVNNH2023001', 'Tank Level Monitor', 'OFF', '12:02:18', '0', '2023-05-27 07:07:06', '2023-05-27 07:07:06'),
	(607, '0.00', NULL, 'TCHSVNNH2023001', 'Tank Level Monitor', 'OFF', '12:02:22', '0', '2023-05-27 07:07:11', '2023-05-27 07:07:11'),
	(608, '0.00', NULL, 'TCHSVNNH2023001', 'Tank Level Monitor', 'OFF', '12:02:26', '0', '2023-05-27 07:07:15', '2023-05-27 07:07:15'),
	(609, '0.00', NULL, 'TCHSVNNH2023001', 'Tank Level Monitor', 'OFF', '12:02:29', '0', '2023-05-27 07:07:18', '2023-05-27 07:07:18'),
	(610, '18.82', NULL, 'TCHSVNNH2023001', 'Tank Level Monitor', 'ON', NULL, '-39', '2023-05-27 07:08:13', '2023-05-27 07:08:13'),
	(611, '18.87', NULL, 'TCHSVNNH2023001', 'Tank Level Monitor', 'ON', NULL, '-37', '2023-05-27 07:08:40', '2023-05-27 07:08:40'),
	(612, '18.82', NULL, 'TCHSVNNH2023001', 'Tank Level Monitor', 'ON', '60', '-37', '2023-05-27 07:12:06', '2023-05-27 07:12:06'),
	(613, '19.14', NULL, 'TCHSVNNH2023001', 'Tank Level Monitor', 'ON', '125', '-34', '2023-05-27 07:13:04', '2023-05-27 07:13:04'),
	(614, '0.00', NULL, 'TCHSVNNH2023001', 'Tank Level Monitor', 'OFF', '12:00:07', '0', '2023-05-27 07:24:08', '2023-05-27 07:24:08'),
	(615, '0.00', NULL, 'TCHSVNNH2023001', 'Tank Level Monitor', 'OFF', '12:00:14', '0', '2023-05-27 07:24:09', '2023-05-27 07:24:09'),
	(616, '0.00', NULL, 'TCHSVNNH2023001', 'Tank Level Monitor', 'OFF', '12:00:19', '0', '2023-05-27 07:24:11', '2023-05-27 07:24:11'),
	(617, '0.00', NULL, 'TCHSVNNH2023001', 'Tank Level Monitor', 'OFF', '12:00:22', '0', '2023-05-27 07:24:13', '2023-05-27 07:24:13'),
	(618, '0.00', NULL, 'TCHSVNNH2023001', 'Tank Level Monitor', 'OFF', '12:00:24', '0', '2023-05-27 07:24:15', '2023-05-27 07:24:15'),
	(619, '0.00', NULL, 'TCHSVNNH2023001', 'Tank Level Monitor', 'OFF', '12:00:25', '0', '2023-05-27 07:24:16', '2023-05-27 07:24:16'),
	(620, '0.00', NULL, 'TCHSVNNH2023001', 'Tank Level Monitor', 'OFF', '12:00:27', '0', '2023-05-27 07:24:21', '2023-05-27 07:24:21'),
	(621, '0.00', NULL, 'TCHSVNNH2023001', 'Tank Level Monitor', 'OFF', '12:00:32', '0', '2023-05-27 07:24:23', '2023-05-27 07:24:23'),
	(622, '0.00', NULL, 'TCHSVNNH2023001', 'Tank Level Monitor', 'OFF', '12:00:13', '0', '2023-05-27 07:25:02', '2023-05-27 07:25:02'),
	(623, '0.00', NULL, 'TCHSVNNH2023001', 'Tank Level Monitor', 'OFF', '12:00:15', '0', '2023-05-27 07:25:10', '2023-05-27 07:25:10'),
	(624, '0.00', NULL, 'TCHSVNNH2023001', 'Tank Level Monitor', 'ON', '12:00:22', '0', '2023-05-27 07:25:11', '2023-05-27 07:25:11'),
	(625, '0.00', NULL, 'TCHSVNNH2023001', 'Tank Level Monitor', 'ON', '12:00:26', '0', '2023-05-27 07:25:15', '2023-05-27 07:25:15'),
	(626, '0.00', NULL, 'TCHSVNNH2023001', 'Tank Level Monitor', 'ON', '12:00:31', '0', '2023-05-27 07:25:19', '2023-05-27 07:25:19'),
	(627, '0.00', NULL, 'TCHSVNNH2023001', 'Tank Level Monitor', 'ON', '12:00:35', '0', '2023-05-27 07:25:24', '2023-05-27 07:25:24'),
	(628, '0.00', NULL, 'TCHSVNNH2023001', 'Tank Level Monitor', 'ON', '12:00:38', '0', '2023-05-27 07:25:26', '2023-05-27 07:25:26'),
	(629, '0.00', NULL, 'TCHSVNNH2023001', 'Tank Level Monitor', 'ON', '12:00:40', '0', '2023-05-27 07:25:29', '2023-05-27 07:25:29'),
	(630, '0.00', NULL, 'TCHSVNNH2023001', 'Tank Level Monitor', 'ON', '12:00:47', '0', '2023-05-27 07:25:36', '2023-05-27 07:25:36'),
	(631, '0.00', NULL, 'TCHSVNNH2023001', 'Tank Level Monitor', 'ON', '12:00:51', '0', '2023-05-27 07:25:40', '2023-05-27 07:25:40'),
	(632, '0.00', NULL, 'TCHSVNNH2023001', 'Tank Level Monitor', 'ON', '12:00:56', '0', '2023-05-27 07:25:44', '2023-05-27 07:25:44'),
	(633, '20.71', NULL, 'TCHSVNNH2023001', 'Tank Level Monitor', 'ON', NULL, '-37', '2023-05-27 07:25:49', '2023-05-27 07:25:49'),
	(634, '0.00', NULL, 'TCHSVNNH2023001', 'Tank Level Monitor', 'ON', '12:01:03', '0', '2023-05-27 07:25:52', '2023-05-27 07:25:52'),
	(635, '20.72', NULL, 'TCHSVNNH2023001', 'Tank Level Monitor', 'ON', NULL, '-38', '2023-05-27 07:25:54', '2023-05-27 07:25:54'),
	(636, '0.00', NULL, 'TCHSVNNH2023001', 'Tank Level Monitor', 'ON', '12:01:06', '0', '2023-05-27 07:25:55', '2023-05-27 07:25:55'),
	(637, '20.71', NULL, 'TCHSVNNH2023001', 'Tank Level Monitor', 'ON', NULL, '-36', '2023-05-27 07:25:57', '2023-05-27 07:25:57'),
	(638, '0.00', NULL, 'TCHSVNNH2023001', 'Tank Level Monitor', 'ON', '12:01:09', '0', '2023-05-27 07:25:58', '2023-05-27 07:25:58'),
	(639, '20.72', NULL, 'TCHSVNNH2023001', 'Tank Level Monitor', 'ON', NULL, '-36', '2023-05-27 07:26:03', '2023-05-27 07:26:03'),
	(640, '0.00', NULL, 'TCHSVNNH2023001', 'Tank Level Monitor', 'ON', '12:01:15', '0', '2023-05-27 07:26:04', '2023-05-27 07:26:04'),
	(641, '20.72', NULL, 'TCHSVNNH2023001', 'Tank Level Monitor', 'ON', NULL, '-36', '2023-05-27 07:26:07', '2023-05-27 07:26:07'),
	(642, '0.00', NULL, 'TCHSVNNH2023001', 'Tank Level Monitor', 'ON', '12:01:20', '0', '2023-05-27 07:26:08', '2023-05-27 07:26:08'),
	(643, '20.72', NULL, 'TCHSVNNH2023001', 'Tank Level Monitor', 'ON', NULL, '-37', '2023-05-27 07:26:12', '2023-05-27 07:26:12'),
	(644, '0.00', NULL, 'TCHSVNNH2023001', 'Tank Level Monitor', 'ON', '12:01:25', '0', '2023-05-27 07:26:13', '2023-05-27 07:26:13'),
	(645, '20.72', NULL, 'TCHSVNNH2023001', 'Tank Level Monitor', 'ON', NULL, '-36', '2023-05-27 07:26:29', '2023-05-27 07:26:29'),
	(646, '0.00', NULL, 'TCHSVNNH2023001', 'Tank Level Monitor', 'ON', '12:01:41', '0', '2023-05-27 07:26:30', '2023-05-27 07:26:30'),
	(647, '20.69', NULL, 'TCHSVNNH2023001', 'Tank Level Monitor', 'ON', NULL, '-37', '2023-05-27 07:26:32', '2023-05-27 07:26:32'),
	(648, '0.00', NULL, 'TCHSVNNH2023001', 'Tank Level Monitor', 'ON', '12:01:44', '0', '2023-05-27 07:26:33', '2023-05-27 07:26:33'),
	(649, '0.00', NULL, 'TCHSVNNH2023001', 'Tank Level Monitor', 'ON', '12:01:51', '0', '2023-05-27 07:26:40', '2023-05-27 07:26:40'),
	(650, '20.71', NULL, 'TCHSVNNH2023001', 'Tank Level Monitor', 'ON', NULL, '-36', '2023-05-27 07:26:44', '2023-05-27 07:26:44'),
	(651, '0.00', NULL, 'TCHSVNNH2023001', 'Tank Level Monitor', 'ON', '12:01:57', '0', '2023-05-27 07:26:49', '2023-05-27 07:26:49'),
	(652, '20.71', NULL, 'TCHSVNNH2023001', 'Tank Level Monitor', 'ON', NULL, '-39', '2023-05-27 07:26:51', '2023-05-27 07:26:51'),
	(653, '0.00', NULL, 'TCHSVNNH2023001', 'Tank Level Monitor', 'ON', '12:02:03', '0', '2023-05-27 07:26:52', '2023-05-27 07:26:52'),
	(654, '20.71', NULL, 'TCHSVNNH2023001', 'Tank Level Monitor', 'ON', NULL, '-34', '2023-05-27 07:26:54', '2023-05-27 07:26:54'),
	(655, '0.00', NULL, 'TCHSVNNH2023001', 'Tank Level Monitor', 'ON', '12:02:06', '0', '2023-05-27 07:26:54', '2023-05-27 07:26:54'),
	(656, '21.13', NULL, 'TCHSVNNH2023001', 'Tank Level Monitor', 'ON', NULL, '-37', '2023-05-27 07:26:56', '2023-05-27 07:26:56'),
	(657, '0.00', NULL, 'TCHSVNNH2023001', 'Tank Level Monitor', 'ON', '12:02:08', '0', '2023-05-27 07:26:56', '2023-05-27 07:26:56'),
	(658, '20.72', NULL, 'TCHSVNNH2023001', 'Tank Level Monitor', 'ON', NULL, '-35', '2023-05-27 07:26:58', '2023-05-27 07:26:58'),
	(659, '0.00', NULL, 'TCHSVNNH2023001', 'Tank Level Monitor', 'ON', '12:02:10', '0', '2023-05-27 07:26:59', '2023-05-27 07:26:59'),
	(660, '20.72', NULL, 'TCHSVNNH2023001', 'Tank Level Monitor', 'ON', NULL, '-36', '2023-05-27 07:27:01', '2023-05-27 07:27:01'),
	(661, '0.00', NULL, 'TCHSVNNH2023001', 'Tank Level Monitor', 'ON', '12:02:13', '0', '2023-05-27 07:27:02', '2023-05-27 07:27:02'),
	(662, '20.72', NULL, 'TCHSVNNH2023001', 'Tank Level Monitor', 'ON', NULL, '-36', '2023-05-27 07:27:05', '2023-05-27 07:27:05'),
	(663, '0.00', NULL, 'TCHSVNNH2023001', 'Tank Level Monitor', 'ON', '12:02:17', '0', '2023-05-27 07:27:08', '2023-05-27 07:27:08'),
	(664, '20.72', NULL, 'TCHSVNNH2023001', 'Tank Level Monitor', 'ON', NULL, '-37', '2023-05-27 07:27:10', '2023-05-27 07:27:10'),
	(665, '0.00', NULL, 'TCHSVNNH2023001', 'Tank Level Monitor', 'ON', '12:02:22', '0', '2023-05-27 07:27:11', '2023-05-27 07:27:11'),
	(666, '20.74', NULL, 'TCHSVNNH2023001', 'Tank Level Monitor', 'ON', NULL, '-38', '2023-05-27 07:27:14', '2023-05-27 07:27:14'),
	(667, '0.00', NULL, 'TCHSVNNH2023001', 'Tank Level Monitor', 'ON', '12:02:28', '0', '2023-05-27 07:27:16', '2023-05-27 07:27:16'),
	(668, '20.71', NULL, 'TCHSVNNH2023001', 'Tank Level Monitor', 'ON', NULL, '-36', '2023-05-27 07:27:18', '2023-05-27 07:27:18'),
	(669, '0.00', NULL, 'TCHSVNNH2023001', 'Tank Level Monitor', 'ON', '12:02:30', '0', '2023-05-27 07:27:19', '2023-05-27 07:27:19'),
	(670, '20.71', NULL, 'TCHSVNNH2023001', 'Tank Level Monitor', 'ON', NULL, '-36', '2023-05-27 07:27:20', '2023-05-27 07:27:20'),
	(671, '0.00', NULL, 'TCHSVNNH2023001', 'Tank Level Monitor', 'ON', '12:02:32', '0', '2023-05-27 07:27:21', '2023-05-27 07:27:21'),
	(672, '21.15', NULL, 'TCHSVNNH2023001', 'Tank Level Monitor', 'ON', NULL, '-38', '2023-05-27 07:27:23', '2023-05-27 07:27:23'),
	(673, '0.00', NULL, 'TCHSVNNH2023001', 'Tank Level Monitor', 'ON', '12:02:35', '0', '2023-05-27 07:27:23', '2023-05-27 07:27:23'),
	(674, '21.13', NULL, 'TCHSVNNH2023001', 'Tank Level Monitor', 'ON', NULL, '-36', '2023-05-27 07:27:25', '2023-05-27 07:27:25'),
	(675, '0.00', NULL, 'TCHSVNNH2023001', 'Tank Level Monitor', 'ON', '12:02:37', '0', '2023-05-27 07:27:26', '2023-05-27 07:27:26'),
	(676, '20.72', NULL, 'TCHSVNNH2023001', 'Tank Level Monitor', 'ON', NULL, '-35', '2023-05-27 07:27:28', '2023-05-27 07:27:28'),
	(677, '0.00', NULL, 'TCHSVNNH2023001', 'Tank Level Monitor', 'ON', '12:02:41', '0', '2023-05-27 07:27:30', '2023-05-27 07:27:30'),
	(678, '21.13', NULL, 'TCHSVNNH2023001', 'Tank Level Monitor', 'ON', NULL, '-35', '2023-05-27 07:27:32', '2023-05-27 07:27:32'),
	(679, '0.00', NULL, 'TCHSVNNH2023001', 'Tank Level Monitor', 'ON', '12:02:44', '0', '2023-05-27 07:27:33', '2023-05-27 07:27:33'),
	(680, '21.13', NULL, 'TCHSVNNH2023001', 'Tank Level Monitor', 'ON', NULL, '-37', '2023-05-27 07:27:35', '2023-05-27 07:27:35'),
	(681, '0.00', NULL, 'TCHSVNNH2023001', 'Tank Level Monitor', 'ON', '12:02:48', '0', '2023-05-27 07:27:37', '2023-05-27 07:27:37'),
	(682, '21.13', NULL, 'TCHSVNNH2023001', 'Tank Level Monitor', 'ON', NULL, '-37', '2023-05-27 07:27:39', '2023-05-27 07:27:39'),
	(683, '0.00', NULL, 'TCHSVNNH2023001', 'Tank Level Monitor', 'ON', '12:02:51', '0', '2023-05-27 07:27:40', '2023-05-27 07:27:40'),
	(684, '21.13', NULL, 'TCHSVNNH2023001', 'Tank Level Monitor', 'ON', NULL, '-36', '2023-05-27 07:27:41', '2023-05-27 07:27:41'),
	(685, '0.00', NULL, 'TCHSVNNH2023001', 'Tank Level Monitor', 'ON', '12:02:54', '0', '2023-05-27 07:27:42', '2023-05-27 07:27:42'),
	(686, '20.71', NULL, 'TCHSVNNH2023001', 'Tank Level Monitor', 'ON', NULL, '-37', '2023-05-27 07:27:44', '2023-05-27 07:27:44'),
	(687, '0.00', NULL, 'TCHSVNNH2023001', 'Tank Level Monitor', 'ON', '12:02:56', '0', '2023-05-27 07:27:45', '2023-05-27 07:27:45'),
	(688, '20.71', NULL, 'TCHSVNNH2023001', 'Tank Level Monitor', 'ON', NULL, '-35', '2023-05-27 07:27:47', '2023-05-27 07:27:47'),
	(689, '0.00', NULL, 'TCHSVNNH2023001', 'Tank Level Monitor', 'ON', '12:02:59', '0', '2023-05-27 07:27:48', '2023-05-27 07:27:48'),
	(690, '20.69', NULL, 'TCHSVNNH2023001', 'Tank Level Monitor', 'ON', NULL, '-37', '2023-05-27 07:27:50', '2023-05-27 07:27:50'),
	(691, '0.00', NULL, 'TCHSVNNH2023001', 'Tank Level Monitor', 'ON', '12:03:02', '0', '2023-05-27 07:27:51', '2023-05-27 07:27:51'),
	(692, '20.72', NULL, 'TCHSVNNH2023001', 'Tank Level Monitor', 'ON', NULL, '-37', '2023-05-27 07:27:53', '2023-05-27 07:27:53'),
	(693, '0.00', NULL, 'TCHSVNNH2023001', 'Tank Level Monitor', 'ON', '12:03:05', '0', '2023-05-27 07:27:54', '2023-05-27 07:27:54'),
	(694, '20.71', NULL, 'TCHSVNNH2023001', 'Tank Level Monitor', 'ON', NULL, '-34', '2023-05-27 07:27:56', '2023-05-27 07:27:56'),
	(695, '0.00', NULL, 'TCHSVNNH2023001', 'Tank Level Monitor', 'ON', '12:03:08', '0', '2023-05-27 07:27:57', '2023-05-27 07:27:57'),
	(696, '20.72', NULL, 'TCHSVNNH2023001', 'Tank Level Monitor', 'ON', NULL, '-36', '2023-05-27 07:27:59', '2023-05-27 07:27:59'),
	(697, '21.13', NULL, 'TCHSVNNH2023001', 'Tank Level Monitor', 'ON', NULL, '-37', '2023-05-27 07:28:07', '2023-05-27 07:28:07'),
	(698, '0.00', NULL, 'TCHSVNNH2023001', 'Tank Level Monitor', 'ON', '12:03:19', '0', '2023-05-27 07:28:08', '2023-05-27 07:28:08'),
	(699, '20.72', NULL, 'TCHSVNNH2023001', 'Tank Level Monitor', 'ON', NULL, '-37', '2023-05-27 07:28:10', '2023-05-27 07:28:10'),
	(701, '0.00', NULL, 'TCHSVNNH2023001', 'Tank Level Monitor', 'ON', '12:03:22', '0', '2023-05-27 07:28:11', '2023-05-27 07:28:11'),
	(702, '20.72', NULL, 'TCHSVNNH2023001', 'Tank Level Monitor', 'ON', NULL, '-37', '2023-05-27 07:28:13', '2023-05-27 07:28:13'),
	(703, '0.00', NULL, 'TCHSVNNH2023001', 'Tank Level Monitor', 'ON', '12:03:25', '0', '2023-05-27 07:28:13', '2023-05-27 07:28:13'),
	(704, '20.71', NULL, 'TCHSVNNH2023001', 'Tank Level Monitor', 'ON', NULL, '-35', '2023-05-27 07:28:15', '2023-05-27 07:28:15'),
	(705, '0.00', NULL, 'TCHSVNNH2023001', 'Tank Level Monitor', 'ON', '12:03:27', '0', '2023-05-27 07:28:16', '2023-05-27 07:28:16'),
	(706, '20.74', NULL, 'TCHSVNNH2023001', 'Tank Level Monitor', 'ON', NULL, '-34', '2023-05-27 07:28:18', '2023-05-27 07:28:18'),
	(707, '0.00', NULL, 'TCHSVNNH2023001', 'Tank Level Monitor', 'ON', '12:03:30', '0', '2023-05-27 07:28:19', '2023-05-27 07:28:19'),
	(708, '20.72', NULL, 'TCHSVNNH2023001', 'Tank Level Monitor', 'ON', NULL, '-37', '2023-05-27 07:28:20', '2023-05-27 07:28:20'),
	(709, '0.00', NULL, 'TCHSVNNH2023001', 'Tank Level Monitor', 'ON', '12:03:33', '0', '2023-05-27 07:28:21', '2023-05-27 07:28:21'),
	(710, '20.72', NULL, 'TCHSVNNH2023001', 'Tank Level Monitor', 'ON', NULL, '-36', '2023-05-27 07:28:23', '2023-05-27 07:28:23'),
	(711, '0.00', NULL, 'TCHSVNNH2023001', 'Tank Level Monitor', 'ON', '12:03:37', '0', '2023-05-27 07:28:25', '2023-05-27 07:28:25'),
	(712, '20.72', NULL, 'TCHSVNNH2023001', 'Tank Level Monitor', 'ON', NULL, '-37', '2023-05-27 07:28:27', '2023-05-27 07:28:27'),
	(713, '0.00', NULL, 'TCHSVNNH2023001', 'Tank Level Monitor', 'ON', '12:03:39', '0', '2023-05-27 07:28:28', '2023-05-27 07:28:28'),
	(714, '20.72', NULL, 'TCHSVNNH2023001', 'Tank Level Monitor', 'ON', NULL, '-36', '2023-05-27 07:28:30', '2023-05-27 07:28:30'),
	(715, '0.00', NULL, 'TCHSVNNH2023001', 'Tank Level Monitor', 'ON', '12:03:42', '0', '2023-05-27 07:28:30', '2023-05-27 07:28:30'),
	(716, '20.72', NULL, 'TCHSVNNH2023001', 'Tank Level Monitor', 'ON', NULL, '-36', '2023-05-27 07:28:32', '2023-05-27 07:28:32'),
	(717, '0.00', NULL, 'TCHSVNNH2023001', 'Tank Level Monitor', 'ON', '12:03:44', '0', '2023-05-27 07:28:33', '2023-05-27 07:28:33'),
	(718, '20.72', NULL, 'TCHSVNNH2023001', 'Tank Level Monitor', 'ON', NULL, '-36', '2023-05-27 07:28:36', '2023-05-27 07:28:36'),
	(719, '0.00', NULL, 'TCHSVNNH2023001', 'Tank Level Monitor', 'ON', '12:03:49', '0', '2023-05-27 07:28:37', '2023-05-27 07:28:37'),
	(720, '20.72', NULL, 'TCHSVNNH2023001', 'Tank Level Monitor', 'ON', NULL, '-36', '2023-05-27 07:28:39', '2023-05-27 07:28:39'),
	(721, '0.00', NULL, 'TCHSVNNH2023001', 'Tank Level Monitor', 'ON', '12:03:51', '0', '2023-05-27 07:28:39', '2023-05-27 07:28:39'),
	(722, '20.71', NULL, 'TCHSVNNH2023001', 'Tank Level Monitor', 'ON', NULL, '-37', '2023-05-27 07:28:43', '2023-05-27 07:28:43'),
	(723, '0.00', NULL, 'TCHSVNNH2023001', 'Tank Level Monitor', 'ON', '12:03:56', '0', '2023-05-27 07:28:45', '2023-05-27 07:28:45'),
	(724, '20.72', NULL, 'TCHSVNNH2023001', 'Tank Level Monitor', 'ON', NULL, '-37', '2023-05-27 07:28:46', '2023-05-27 07:28:46'),
	(725, '0.00', NULL, 'TCHSVNNH2023001', 'Tank Level Monitor', 'ON', '12:04:02', '0', '2023-05-27 07:28:51', '2023-05-27 07:28:51'),
	(726, '20.74', NULL, 'TCHSVNNH2023001', 'Tank Level Monitor', 'ON', NULL, '-36', '2023-05-27 07:28:57', '2023-05-27 07:28:57'),
	(727, '20.72', NULL, 'TCHSVNNH2023001', 'Tank Level Monitor', 'ON', NULL, '-36', '2023-05-27 07:29:07', '2023-05-27 07:29:07'),
	(728, '0.00', NULL, 'TCHSVNNH2023001', 'Tank Level Monitor', 'ON', '12:04:19', '0', '2023-05-27 07:29:08', '2023-05-27 07:29:08'),
	(729, '0.00', NULL, 'TCHSVNNH2023001', 'Tank Level Monitor', 'ON', '12:04:12', '0', '2023-05-27 07:29:08', '2023-05-27 07:29:08'),
	(730, '21.13', NULL, 'TCHSVNNH2023001', 'Tank Level Monitor', 'ON', NULL, '-40', '2023-05-27 07:29:10', '2023-05-27 07:29:10'),
	(731, '0.00', NULL, 'TCHSVNNH2023001', 'Tank Level Monitor', 'ON', '12:04:22', '0', '2023-05-27 07:29:11', '2023-05-27 07:29:11'),
	(732, '21.13', NULL, 'TCHSVNNH2023001', 'Tank Level Monitor', 'ON', NULL, '-38', '2023-05-27 07:29:12', '2023-05-27 07:29:12'),
	(733, '0.00', NULL, 'TCHSVNNH2023001', 'Tank Level Monitor', 'ON', '12:04:25', '0', '2023-05-27 07:29:13', '2023-05-27 07:29:13'),
	(734, '21.13', NULL, 'TCHSVNNH2023001', 'Tank Level Monitor', 'ON', NULL, '-37', '2023-05-27 07:29:20', '2023-05-27 07:29:20'),
	(736, '0.00', NULL, 'TCHSVNNH2023001', 'Tank Level Monitor', 'ON', '12:04:47', '0', '2023-05-27 07:29:36', '2023-05-27 07:29:36'),
	(737, '20.72', NULL, 'TCHSVNNH2023001', 'Tank Level Monitor', 'ON', NULL, '-37', '2023-05-27 07:29:39', '2023-05-27 07:29:39'),
	(738, '21.13', NULL, 'TCHSVNNH2023001', 'Tank Level Monitor', 'ON', NULL, '-37', '2023-05-27 07:29:39', '2023-05-27 07:29:39'),
	(739, '0.00', NULL, 'TCHSVNNH2023001', 'Tank Level Monitor', 'ON', '12:04:51', '0', '2023-05-27 07:29:39', '2023-05-27 07:29:39'),
	(740, '21.11', NULL, 'TCHSVNNH2023001', 'Tank Level Monitor', 'ON', NULL, '-36', '2023-05-27 07:29:44', '2023-05-27 07:29:44'),
	(741, '0.00', NULL, 'TCHSVNNH2023001', 'Tank Level Monitor', 'ON', '12:04:56', '0', '2023-05-27 07:29:45', '2023-05-27 07:29:45'),
	(742, '20.72', NULL, 'TCHSVNNH2023001', 'Tank Level Monitor', 'ON', NULL, '-38', '2023-05-27 07:29:47', '2023-05-27 07:29:47'),
	(743, '0.00', NULL, 'TCHSVNNH2023001', 'Tank Level Monitor', 'ON', '12:04:59', '0', '2023-05-27 07:29:47', '2023-05-27 07:29:47'),
	(744, '20.71', NULL, 'TCHSVNNH2023001', 'Tank Level Monitor', 'ON', NULL, '-37', '2023-05-27 07:29:49', '2023-05-27 07:29:49'),
	(745, '0.00', NULL, 'TCHSVNNH2023001', 'Tank Level Monitor', 'ON', '12:05:01', '0', '2023-05-27 07:29:49', '2023-05-27 07:29:49'),
	(746, '20.71', NULL, 'TCHSVNNH2023001', 'Tank Level Monitor', 'ON', NULL, '-37', '2023-05-27 07:29:51', '2023-05-27 07:29:51'),
	(747, '0.00', NULL, 'TCHSVNNH2023001', 'Tank Level Monitor', 'ON', '12:05:03', '0', '2023-05-27 07:29:52', '2023-05-27 07:29:52'),
	(748, '20.74', NULL, 'TCHSVNNH2023001', 'Tank Level Monitor', 'ON', NULL, '-36', '2023-05-27 07:29:54', '2023-05-27 07:29:54'),
	(749, '0.00', NULL, 'TCHSVNNH2023001', 'Tank Level Monitor', 'ON', '12:05:06', '0', '2023-05-27 07:29:54', '2023-05-27 07:29:54'),
	(750, '20.72', NULL, 'TCHSVNNH2023001', 'Tank Level Monitor', 'ON', NULL, '-37', '2023-05-27 07:29:56', '2023-05-27 07:29:56'),
	(751, '0.00', NULL, 'TCHSVNNH2023001', 'Tank Level Monitor', 'ON', '12:05:08', '0', '2023-05-27 07:29:57', '2023-05-27 07:29:57'),
	(752, '20.72', NULL, 'TCHSVNNH2023001', 'Tank Level Monitor', 'ON', NULL, '-37', '2023-05-27 07:29:59', '2023-05-27 07:29:59'),
	(753, '0.00', NULL, 'TCHSVNNH2023001', 'Tank Level Monitor', 'ON', '12:05:12', '0', '2023-05-27 07:30:00', '2023-05-27 07:30:00'),
	(754, '20.71', NULL, 'TCHSVNNH2023001', 'Tank Level Monitor', 'ON', NULL, '-37', '2023-05-27 07:30:02', '2023-05-27 07:30:02'),
	(755, '0.00', NULL, 'TCHSVNNH2023001', 'Tank Level Monitor', 'ON', '12:05:14', '0', '2023-05-27 07:30:03', '2023-05-27 07:30:03'),
	(756, '20.71', NULL, 'TCHSVNNH2023001', 'Tank Level Monitor', 'ON', NULL, '-38', '2023-05-27 07:30:04', '2023-05-27 07:30:04'),
	(757, '0.00', NULL, 'TCHSVNNH2023001', 'Tank Level Monitor', 'ON', '12:05:18', '0', '2023-05-27 07:30:06', '2023-05-27 07:30:06'),
	(758, '20.72', NULL, 'TCHSVNNH2023001', 'Tank Level Monitor', 'ON', NULL, '-38', '2023-05-27 07:30:11', '2023-05-27 07:30:11'),
	(759, '0.00', NULL, 'TCHSVNNH2023001', 'Tank Level Monitor', 'ON', '12:05:26', '0', '2023-05-27 07:30:14', '2023-05-27 07:30:14'),
	(760, '20.71', NULL, 'TCHSVNNH2023001', 'Tank Level Monitor', 'ON', NULL, '-37', '2023-05-27 07:30:21', '2023-05-27 07:30:21'),
	(761, '0.00', NULL, 'TCHSVNNH2023001', 'Tank Level Monitor', 'ON', '12:05:34', '0', '2023-05-27 07:30:24', '2023-05-27 07:30:24'),
	(762, '781.03', NULL, 'TCHSVNNH2023001', 'Tank Level Monitor', 'ON', NULL, '-36', '2023-05-27 07:30:26', '2023-05-27 07:30:26'),
	(763, '0.00', NULL, 'TCHSVNNH2023001', 'Tank Level Monitor', 'ON', '12:05:38', '0', '2023-05-27 07:30:27', '2023-05-27 07:30:27'),
	(764, '20.72', NULL, 'TCHSVNNH2023001', 'Tank Level Monitor', 'ON', NULL, '-38', '2023-05-27 07:30:29', '2023-05-27 07:30:29'),
	(765, '0.00', NULL, 'TCHSVNNH2023001', 'Tank Level Monitor', 'ON', '12:05:42', '0', '2023-05-27 07:30:30', '2023-05-27 07:30:30'),
	(766, '20.69', NULL, 'TCHSVNNH2023001', 'Tank Level Monitor', 'ON', NULL, '-35', '2023-05-27 07:30:32', '2023-05-27 07:30:32'),
	(767, '0.00', NULL, 'TCHSVNNH2023001', 'Tank Level Monitor', 'ON', '12:05:44', '0', '2023-05-27 07:30:32', '2023-05-27 07:30:32'),
	(768, '21.15', NULL, 'TCHSVNNH2023001', 'Tank Level Monitor', 'ON', NULL, '-35', '2023-05-27 07:30:34', '2023-05-27 07:30:34'),
	(769, '0.00', NULL, 'TCHSVNNH2023001', 'Tank Level Monitor', 'ON', '12:05:46', '0', '2023-05-27 07:30:35', '2023-05-27 07:30:35'),
	(770, '20.69', NULL, 'TCHSVNNH2023001', 'Tank Level Monitor', 'ON', NULL, '-37', '2023-05-27 07:30:36', '2023-05-27 07:30:36'),
	(771, '0.00', NULL, 'TCHSVNNH2023001', 'Tank Level Monitor', 'ON', '12:05:49', '0', '2023-05-27 07:30:37', '2023-05-27 07:30:37'),
	(772, '21.59', NULL, 'TCHSVNNH2023001', 'Tank Level Monitor', 'ON', NULL, '-35', '2023-05-27 07:30:39', '2023-05-27 07:30:39'),
	(773, '0.00', NULL, 'TCHSVNNH2023001', 'Tank Level Monitor', 'ON', '12:05:51', '0', '2023-05-27 07:30:40', '2023-05-27 07:30:40'),
	(774, '20.71', NULL, 'TCHSVNNH2023001', 'Tank Level Monitor', 'ON', NULL, '-34', '2023-05-27 07:30:45', '2023-05-27 07:30:45'),
	(775, '0.00', NULL, 'TCHSVNNH2023001', 'Tank Level Monitor', 'ON', '12:05:59', '0', '2023-05-27 07:30:48', '2023-05-27 07:30:48'),
	(776, '20.69', NULL, 'TCHSVNNH2023001', 'Tank Level Monitor', 'ON', NULL, '-36', '2023-05-27 07:30:50', '2023-05-27 07:30:50'),
	(777, '0.00', NULL, 'TCHSVNNH2023001', 'Tank Level Monitor', 'ON', '12:06:04', '0', '2023-05-27 07:30:55', '2023-05-27 07:30:55'),
	(778, '20.71', NULL, 'TCHSVNNH2023001', 'Tank Level Monitor', 'ON', NULL, '-35', '2023-05-27 07:30:57', '2023-05-27 07:30:57'),
	(779, '0.00', NULL, 'TCHSVNNH2023001', 'Tank Level Monitor', 'ON', '12:06:09', '0', '2023-05-27 07:30:57', '2023-05-27 07:30:57'),
	(780, '20.71', NULL, 'TCHSVNNH2023001', 'Tank Level Monitor', 'ON', NULL, '-35', '2023-05-27 07:30:59', '2023-05-27 07:30:59'),
	(781, '0.00', NULL, 'TCHSVNNH2023001', 'Tank Level Monitor', 'ON', '12:06:11', '0', '2023-05-27 07:31:00', '2023-05-27 07:31:00'),
	(782, '20.71', NULL, 'TCHSVNNH2023001', 'Tank Level Monitor', 'ON', NULL, '-35', '2023-05-27 07:31:02', '2023-05-27 07:31:02'),
	(783, '0.00', NULL, 'TCHSVNNH2023001', 'Tank Level Monitor', 'ON', '12:06:14', '0', '2023-05-27 07:31:02', '2023-05-27 07:31:02'),
	(784, '20.71', NULL, 'TCHSVNNH2023001', 'Tank Level Monitor', 'ON', NULL, '-35', '2023-05-27 07:31:04', '2023-05-27 07:31:04'),
	(785, '0.00', NULL, 'TCHSVNNH2023001', 'Tank Level Monitor', 'ON', '12:06:16', '0', '2023-05-27 07:31:05', '2023-05-27 07:31:05'),
	(786, '20.71', NULL, 'TCHSVNNH2023001', 'Tank Level Monitor', 'ON', NULL, '-33', '2023-05-27 07:31:07', '2023-05-27 07:31:07'),
	(787, '0.00', NULL, 'TCHSVNNH2023001', 'Tank Level Monitor', 'ON', '12:06:19', '0', '2023-05-27 07:31:07', '2023-05-27 07:31:07'),
	(788, '20.71', NULL, 'TCHSVNNH2023001', 'Tank Level Monitor', 'ON', NULL, '-34', '2023-05-27 07:31:09', '2023-05-27 07:31:09'),
	(789, '0.00', NULL, 'TCHSVNNH2023001', 'Tank Level Monitor', 'ON', '12:06:21', '0', '2023-05-27 07:31:12', '2023-05-27 07:31:12'),
	(790, '20.72', NULL, 'TCHSVNNH2023001', 'Tank Level Monitor', 'ON', NULL, '-35', '2023-05-27 07:31:14', '2023-05-27 07:31:14'),
	(791, '0.00', NULL, 'TCHSVNNH2023001', 'Tank Level Monitor', 'ON', '12:06:27', '0', '2023-05-27 07:31:18', '2023-05-27 07:31:18'),
	(792, '20.71', NULL, 'TCHSVNNH2023001', 'Tank Level Monitor', 'ON', NULL, '-35', '2023-05-27 07:31:19', '2023-05-27 07:31:19'),
	(793, '0.00', NULL, 'TCHSVNNH2023001', 'Tank Level Monitor', 'ON', '12:06:32', '0', '2023-05-27 07:31:20', '2023-05-27 07:31:20'),
	(794, '20.71', NULL, 'TCHSVNNH2023001', 'Tank Level Monitor', 'ON', NULL, '-35', '2023-05-27 07:31:22', '2023-05-27 07:31:22'),
	(795, '0.00', NULL, 'TCHSVNNH2023001', 'Tank Level Monitor', 'ON', '12:06:34', '0', '2023-05-27 07:31:22', '2023-05-27 07:31:22'),
	(796, '20.69', NULL, 'TCHSVNNH2023001', 'Tank Level Monitor', 'ON', NULL, '-35', '2023-05-27 07:31:25', '2023-05-27 07:31:25'),
	(797, '0.00', NULL, 'TCHSVNNH2023001', 'Tank Level Monitor', 'ON', '12:06:37', '0', '2023-05-27 07:31:26', '2023-05-27 07:31:26'),
	(798, '20.69', NULL, 'TCHSVNNH2023001', 'Tank Level Monitor', 'ON', NULL, '-35', '2023-05-27 07:31:28', '2023-05-27 07:31:28'),
	(799, '0.00', NULL, 'TCHSVNNH2023001', 'Tank Level Monitor', 'ON', '12:06:40', '0', '2023-05-27 07:31:28', '2023-05-27 07:31:28'),
	(800, '20.71', NULL, 'TCHSVNNH2023001', 'Tank Level Monitor', 'ON', NULL, '-35', '2023-05-27 07:31:30', '2023-05-27 07:31:30'),
	(801, '0.00', NULL, 'TCHSVNNH2023001', 'Tank Level Monitor', 'ON', '12:06:42', '0', '2023-05-27 07:31:31', '2023-05-27 07:31:31'),
	(802, '20.69', NULL, 'TCHSVNNH2023001', 'Tank Level Monitor', 'ON', NULL, '-34', '2023-05-27 07:31:35', '2023-05-27 07:31:35'),
	(803, '0.00', NULL, 'TCHSVNNH2023001', 'Tank Level Monitor', 'ON', '12:06:50', '0', '2023-05-27 07:31:39', '2023-05-27 07:31:39'),
	(804, '20.71', NULL, 'TCHSVNNH2023001', 'Tank Level Monitor', 'ON', NULL, '-37', '2023-05-27 07:31:41', '2023-05-27 07:31:41'),
	(805, '0.00', NULL, 'TCHSVNNH2023001', 'Tank Level Monitor', 'ON', '12:06:54', '0', '2023-05-27 07:31:42', '2023-05-27 07:31:42'),
	(806, '20.69', NULL, 'TCHSVNNH2023001', 'Tank Level Monitor', 'ON', NULL, '-35', '2023-05-27 07:31:44', '2023-05-27 07:31:44'),
	(807, '0.00', NULL, 'TCHSVNNH2023001', 'Tank Level Monitor', 'ON', '12:06:59', '0', '2023-05-27 07:31:48', '2023-05-27 07:31:48'),
	(808, '20.71', NULL, 'TCHSVNNH2023001', 'Tank Level Monitor', 'ON', NULL, '-35', '2023-05-27 07:31:50', '2023-05-27 07:31:50'),
	(809, '0.00', NULL, 'TCHSVNNH2023001', 'Tank Level Monitor', 'ON', '12:07:03', '0', '2023-05-27 07:31:51', '2023-05-27 07:31:51'),
	(810, '20.72', NULL, 'TCHSVNNH2023001', 'Tank Level Monitor', 'ON', NULL, '-35', '2023-05-27 07:31:54', '2023-05-27 07:31:54'),
	(811, '0.00', NULL, 'TCHSVNNH2023001', 'Tank Level Monitor', 'ON', '12:07:06', '0', '2023-05-27 07:31:54', '2023-05-27 07:31:54'),
	(812, '20.71', NULL, 'TCHSVNNH2023001', 'Tank Level Monitor', 'ON', NULL, '-36', '2023-05-27 07:31:56', '2023-05-27 07:31:56'),
	(813, '0.00', NULL, 'TCHSVNNH2023001', 'Tank Level Monitor', 'ON', '12:07:08', '0', '2023-05-27 07:31:57', '2023-05-27 07:31:57'),
	(814, '20.71', NULL, 'TCHSVNNH2023001', 'Tank Level Monitor', 'ON', NULL, '-35', '2023-05-27 07:31:59', '2023-05-27 07:31:59'),
	(815, '0.00', NULL, 'TCHSVNNH2023001', 'Tank Level Monitor', 'ON', '12:07:12', '0', '2023-05-27 07:32:00', '2023-05-27 07:32:00'),
	(816, '20.71', NULL, 'TCHSVNNH2023001', 'Tank Level Monitor', 'ON', NULL, '-36', '2023-05-27 07:32:13', '2023-05-27 07:32:13'),
	(817, '0.00', NULL, 'TCHSVNNH2023001', 'Tank Level Monitor', 'ON', '12:07:28', '0', '2023-05-27 07:32:16', '2023-05-27 07:32:16'),
	(818, '20.72', NULL, 'TCHSVNNH2023001', 'Tank Level Monitor', 'ON', NULL, '-38', '2023-05-27 07:32:21', '2023-05-27 07:32:21'),
	(819, '0.00', NULL, 'TCHSVNNH2023001', 'Tank Level Monitor', 'ON', '12:07:34', '0', '2023-05-27 07:32:22', '2023-05-27 07:32:22'),
	(820, '20.71', NULL, 'TCHSVNNH2023001', 'Tank Level Monitor', 'ON', NULL, '-38', '2023-05-27 07:32:24', '2023-05-27 07:32:24'),
	(821, '0.00', NULL, 'TCHSVNNH2023001', 'Tank Level Monitor', 'ON', '12:07:36', '0', '2023-05-27 07:32:26', '2023-05-27 07:32:26'),
	(822, '20.69', NULL, 'TCHSVNNH2023001', 'Tank Level Monitor', 'ON', NULL, '-33', '2023-05-27 07:32:28', '2023-05-27 07:32:28'),
	(823, '0.00', NULL, 'TCHSVNNH2023001', 'Tank Level Monitor', 'ON', '12:07:43', '0', '2023-05-27 07:32:34', '2023-05-27 07:32:34'),
	(824, '20.71', NULL, 'TCHSVNNH2023001', 'Tank Level Monitor', 'ON', NULL, '-36', '2023-05-27 07:32:38', '2023-05-27 07:32:38'),
	(825, '0.00', NULL, 'TCHSVNNH2023001', 'Tank Level Monitor', 'ON', '12:07:51', '0', '2023-05-27 07:32:40', '2023-05-27 07:32:40'),
	(826, '20.71', NULL, 'TCHSVNNH2023001', 'Tank Level Monitor', 'ON', NULL, '-37', '2023-05-27 07:32:42', '2023-05-27 07:32:42'),
	(827, '0.00', NULL, 'TCHSVNNH2023001', 'Tank Level Monitor', 'ON', '12:07:54', '0', '2023-05-27 07:32:43', '2023-05-27 07:32:43'),
	(828, '20.69', NULL, 'TCHSVNNH2023001', 'Tank Level Monitor', 'ON', NULL, '-37', '2023-05-27 07:32:46', '2023-05-27 07:32:46'),
	(829, '0.00', NULL, 'TCHSVNNH2023001', 'Tank Level Monitor', 'ON', '12:07:59', '0', '2023-05-27 07:32:51', '2023-05-27 07:32:51'),
	(830, '20.72', NULL, 'TCHSVNNH2023001', 'Tank Level Monitor', 'ON', NULL, '-36', '2023-05-27 07:32:54', '2023-05-27 07:32:54'),
	(831, '0.00', NULL, 'TCHSVNNH2023001', 'Tank Level Monitor', 'ON', '12:08:09', '0', '2023-05-27 07:32:57', '2023-05-27 07:32:57'),
	(832, '0.00', NULL, 'TCHSVNNH2023001', 'Tank Level Monitor', 'OFF', '12:00:07', '0', '2023-05-27 07:33:31', '2023-05-27 07:33:31'),
	(833, '0.00', NULL, 'TCHSVNNH2023001', 'Tank Level Monitor', 'OFF', '12:00:08', '0', '2023-05-27 07:33:32', '2023-05-27 07:33:32'),
	(834, '0.00', NULL, 'TCHSVNNH2023001', 'Tank Level Monitor', 'OFF', '12:00:10', '0', '2023-05-27 07:33:33', '2023-05-27 07:33:33'),
	(835, '0.00', NULL, 'TCHSVNNH2023001', 'Tank Level Monitor', 'OFF', '12:00:10', '0', '2023-05-27 07:33:34', '2023-05-27 07:33:34'),
	(836, '0.00', NULL, 'TCHSVNNH2023001', 'Tank Level Monitor', 'OFF', '12:00:11', '0', '2023-05-27 07:33:38', '2023-05-27 07:33:38'),
	(837, '0.00', NULL, 'TCHSVNNH2023001', 'Tank Level Monitor', 'OFF', '12:00:15', '0', '2023-05-27 07:33:38', '2023-05-27 07:33:38'),
	(838, '0.00', NULL, 'TCHSVNNH2023001', 'Tank Level Monitor', 'OFF', '12:00:21', '0', '2023-05-27 07:33:45', '2023-05-27 07:33:45'),
	(839, '0.00', NULL, 'TCHSVNNH2023001', 'Tank Level Monitor', 'OFF', '12:00:23', '0', '2023-05-27 07:33:46', '2023-05-27 07:33:46'),
	(840, '0.00', NULL, 'TCHSVNNH2023001', 'Tank Level Monitor', 'OFF', '12:00:24', '0', '2023-05-27 07:33:50', '2023-05-27 07:33:50'),
	(841, '0.00', NULL, 'TCHSVNNH2023001', 'Tank Level Monitor', 'OFF', '12:00:27', '0', '2023-05-27 07:33:51', '2023-05-27 07:33:51'),
	(842, '0.00', NULL, 'TCHSVNNH2023001', 'Tank Level Monitor', 'OFF', '12:00:29', '0', '2023-05-27 07:33:52', '2023-05-27 07:33:52'),
	(843, '0.00', NULL, 'TCHSVNNH2023001', 'Tank Level Monitor', 'OFF', '12:00:32', '0', '2023-05-27 07:33:55', '2023-05-27 07:33:55'),
	(844, '0.00', NULL, 'TCHSVNNH2023001', 'Tank Level Monitor', 'OFF', '12:00:32', '0', '2023-05-27 07:33:56', '2023-05-27 07:33:56'),
	(845, '0.00', NULL, 'TCHSVNNH2023001', 'Tank Level Monitor', 'ON', '12:00:33', '0', '2023-05-27 07:34:00', '2023-05-27 07:34:00'),
	(846, '0.00', NULL, 'TCHSVNNH2023001', 'Tank Level Monitor', 'ON', '12:00:38', '0', '2023-05-27 07:34:01', '2023-05-27 07:34:01'),
	(847, '0.00', NULL, 'TCHSVNNH2023001', 'Tank Level Monitor', 'ON', '12:00:39', '0', '2023-05-27 07:34:02', '2023-05-27 07:34:02'),
	(848, '0.00', NULL, 'TCHSVNNH2023001', 'Tank Level Monitor', 'ON', '12:01:06', '0', '2023-05-27 07:34:30', '2023-05-27 07:34:30'),
	(849, '0.00', NULL, 'TCHSVNNH2023001', 'Tank Level Monitor', 'ON', '12:01:07', '0', '2023-05-27 07:34:30', '2023-05-27 07:34:30'),
	(850, '0.00', NULL, 'TCHSVNNH2023001', 'Tank Level Monitor', 'ON', '12:01:09', '0', '2023-05-27 07:34:33', '2023-05-27 07:34:33'),
	(851, '0.00', NULL, 'TCHSVNNH2023001', 'Tank Level Monitor', 'ON', '12:01:11', '0', '2023-05-27 07:34:34', '2023-05-27 07:34:34'),
	(852, '0.00', NULL, 'TCHSVNNH2023001', 'Tank Level Monitor', 'ON', '12:01:11', '0', '2023-05-27 07:34:35', '2023-05-27 07:34:35'),
	(853, '0.00', NULL, 'TCHSVNNH2023001', 'Tank Level Monitor', 'ON', '12:01:12', '0', '2023-05-27 07:34:35', '2023-05-27 07:34:35'),
	(854, '0.00', NULL, 'TCHSVNNH2023001', 'Tank Level Monitor', 'ON', '12:01:13', '0', '2023-05-27 07:34:36', '2023-05-27 07:34:36'),
	(856, '0.00', NULL, 'TCHSVNNH2023001', 'Tank Level Monitor', 'ON', '12:01:14', '0', '2023-05-27 07:34:37', '2023-05-27 07:34:37'),
	(857, '0.00', NULL, 'TCHSVNNH2023001', 'Tank Level Monitor', 'ON', '12:01:14', '0', '2023-05-27 07:34:37', '2023-05-27 07:34:37'),
	(858, '0.00', NULL, 'TCHSVNNH2023001', 'Tank Level Monitor', 'ON', '12:01:15', '0', '2023-05-27 07:34:38', '2023-05-27 07:34:38'),
	(859, '0.00', NULL, 'TCHSVNNH2023001', 'Tank Level Monitor', 'ON', '12:01:16', '0', '2023-05-27 07:34:39', '2023-05-27 07:34:39'),
	(860, '0.00', NULL, 'TCHSVNNH2023001', 'Tank Level Monitor', 'ON', '12:01:16', '0', '2023-05-27 07:34:39', '2023-05-27 07:34:39'),
	(861, '0.00', NULL, 'TCHSVNNH2023001', 'Tank Level Monitor', 'ON', '12:01:17', '0', '2023-05-27 07:34:40', '2023-05-27 07:34:40'),
	(862, '0.00', NULL, 'TCHSVNNH2023001', 'Tank Level Monitor', 'ON', '12:01:18', '0', '2023-05-27 07:34:41', '2023-05-27 07:34:41'),
	(863, '0.00', NULL, 'TCHSVNNH2023001', 'Tank Level Monitor', 'ON', '12:01:18', '0', '2023-05-27 07:34:41', '2023-05-27 07:34:41'),
	(864, '0.00', NULL, 'TCHSVNNH2023001', 'Tank Level Monitor', 'ON', '12:01:19', '0', '2023-05-27 07:34:42', '2023-05-27 07:34:42'),
	(865, '0.00', NULL, 'TCHSVNNH2023001', 'Tank Level Monitor', 'ON', '12:01:20', '0', '2023-05-27 07:34:46', '2023-05-27 07:34:46'),
	(866, '0.00', NULL, 'TCHSVNNH2023001', 'Tank Level Monitor', 'ON', '12:01:23', '0', '2023-05-27 07:34:47', '2023-05-27 07:34:47'),
	(867, '0.00', NULL, 'TCHSVNNH2023001', 'Tank Level Monitor', 'ON', '12:01:25', '0', '2023-05-27 07:34:48', '2023-05-27 07:34:48'),
	(868, '0.00', NULL, 'TCHSVNNH2023001', 'Tank Level Monitor', 'ON', '12:01:25', '0', '2023-05-27 07:34:49', '2023-05-27 07:34:49'),
	(869, '0.00', NULL, 'TCHSVNNH2023001', 'Tank Level Monitor', 'ON', '12:01:27', '0', '2023-05-27 07:34:50', '2023-05-27 07:34:50'),
	(870, '0.00', NULL, 'TCHSVNNH2023001', 'Tank Level Monitor', 'ON', '12:01:27', '0', '2023-05-27 07:34:52', '2023-05-27 07:34:52'),
	(871, '0.00', NULL, 'TCHSVNNH2023001', 'Tank Level Monitor', 'ON', '12:01:29', '0', '2023-05-27 07:34:53', '2023-05-27 07:34:53'),
	(872, '0.00', NULL, 'TCHSVNNH2023001', 'Tank Level Monitor', 'ON', '12:01:30', '0', '2023-05-27 07:34:53', '2023-05-27 07:34:53'),
	(873, '0.00', NULL, 'TCHSVNNH2023001', 'Tank Level Monitor', 'ON', '12:01:31', '0', '2023-05-27 07:34:54', '2023-05-27 07:34:54'),
	(874, '0.00', NULL, 'TCHSVNNH2023001', 'Tank Level Monitor', 'ON', '12:01:32', '0', '2023-05-27 07:34:55', '2023-05-27 07:34:55'),
	(875, '0.00', NULL, 'TCHSVNNH2023001', 'Tank Level Monitor', 'ON', '12:01:32', '0', '2023-05-27 07:34:59', '2023-05-27 07:34:59'),
	(876, '0.00', NULL, 'TCHSVNNH2023001', 'Tank Level Monitor', 'ON', '12:01:38', '0', '2023-05-27 07:35:01', '2023-05-27 07:35:01'),
	(877, '0.00', NULL, 'TCHSVNNH2023001', 'Tank Level Monitor', 'ON', '12:01:39', '0', '2023-05-27 07:35:02', '2023-05-27 07:35:02'),
	(878, '0.00', NULL, 'TCHSVNNH2023001', 'Tank Level Monitor', 'ON', '12:01:45', '0', '2023-05-27 07:35:08', '2023-05-27 07:35:08'),
	(879, '0.00', NULL, 'TCHSVNNH2023001', 'Tank Level Monitor', 'ON', '12:01:46', '0', '2023-05-27 07:35:09', '2023-05-27 07:35:09'),
	(880, '0.00', NULL, 'TCHSVNNH2023001', 'Tank Level Monitor', 'ON', '12:01:47', '0', '2023-05-27 07:35:10', '2023-05-27 07:35:10'),
	(881, '0.00', NULL, 'TCHSVNNH2023001', 'Tank Level Monitor', 'ON', '12:01:48', '0', '2023-05-27 07:35:12', '2023-05-27 07:35:12'),
	(882, '0.00', NULL, 'TCHSVNNH2023001', 'Tank Level Monitor', 'ON', '12:01:49', '0', '2023-05-27 07:35:12', '2023-05-27 07:35:12'),
	(883, '0.00', NULL, 'TCHSVNNH2023001', 'Tank Level Monitor', 'ON', '12:01:50', '0', '2023-05-27 07:35:13', '2023-05-27 07:35:13'),
	(884, '0.00', NULL, 'TCHSVNNH2023001', 'Tank Level Monitor', 'ON', '12:01:51', '0', '2023-05-27 07:35:14', '2023-05-27 07:35:14'),
	(885, '0.00', NULL, 'TCHSVNNH2023001', 'Tank Level Monitor', 'ON', '12:01:51', '0', '2023-05-27 07:35:14', '2023-05-27 07:35:14'),
	(886, '0.00', NULL, 'TCHSVNNH2023001', 'Tank Level Monitor', 'ON', '12:01:52', '0', '2023-05-27 07:35:15', '2023-05-27 07:35:15'),
	(887, '0.00', NULL, 'TCHSVNNH2023001', 'Tank Level Monitor', 'ON', '12:01:53', '0', '2023-05-27 07:35:16', '2023-05-27 07:35:16'),
	(888, '0.00', NULL, 'TCHSVNNH2023001', 'Tank Level Monitor', 'ON', '12:01:53', '0', '2023-05-27 07:35:16', '2023-05-27 07:35:16'),
	(889, '0.00', NULL, 'TCHSVNNH2023001', 'Tank Level Monitor', 'ON', '12:01:54', '0', '2023-05-27 07:35:17', '2023-05-27 07:35:17'),
	(890, '0.00', NULL, 'TCHSVNNH2023001', 'Tank Level Monitor', 'ON', '12:01:54', '0', '2023-05-27 07:35:18', '2023-05-27 07:35:18'),
	(891, '0.00', NULL, 'TCHSVNNH2023001', 'Tank Level Monitor', 'ON', '12:01:55', '0', '2023-05-27 07:35:18', '2023-05-27 07:35:18'),
	(892, '0.00', NULL, 'TCHSVNNH2023001', 'Tank Level Monitor', 'ON', '12:01:56', '0', '2023-05-27 07:35:19', '2023-05-27 07:35:19'),
	(893, '0.00', NULL, 'TCHSVNNH2023001', 'Tank Level Monitor', 'ON', '12:01:57', '0', '2023-05-27 07:35:20', '2023-05-27 07:35:20'),
	(894, '0.00', NULL, 'TCHSVNNH2023001', 'Tank Level Monitor', 'ON', '12:01:57', '0', '2023-05-27 07:35:20', '2023-05-27 07:35:20'),
	(895, '0.00', NULL, 'TCHSVNNH2023001', 'Tank Level Monitor', 'ON', '12:01:58', '0', '2023-05-27 07:35:21', '2023-05-27 07:35:21'),
	(896, '0.00', NULL, 'TCHSVNNH2023001', 'Tank Level Monitor', 'ON', '12:01:59', '0', '2023-05-27 07:35:22', '2023-05-27 07:35:22'),
	(897, '0.00', NULL, 'TCHSVNNH2023001', 'Tank Level Monitor', 'ON', '12:01:59', '0', '2023-05-27 07:35:22', '2023-05-27 07:35:22'),
	(898, '0.00', NULL, 'TCHSVNNH2023001', 'Tank Level Monitor', 'ON', '12:02:00', '0', '2023-05-27 07:35:24', '2023-05-27 07:35:24'),
	(899, '0.00', NULL, 'TCHSVNNH2023001', 'Tank Level Monitor', 'ON', '12:02:02', '0', '2023-05-27 07:35:25', '2023-05-27 07:35:25'),
	(900, '0.00', NULL, 'TCHSVNNH2023001', 'Tank Level Monitor', 'ON', '12:02:02', '0', '2023-05-27 07:35:26', '2023-05-27 07:35:26'),
	(901, '0.00', NULL, 'TCHSVNNH2023001', 'Tank Level Monitor', 'ON', '12:02:03', '0', '2023-05-27 07:35:27', '2023-05-27 07:35:27'),
	(902, '0.00', NULL, 'TCHSVNNH2023001', 'Tank Level Monitor', 'ON', '12:02:05', '0', '2023-05-27 07:35:28', '2023-05-27 07:35:28'),
	(903, '0.00', NULL, 'TCHSVNNH2023001', 'Tank Level Monitor', 'ON', '12:02:06', '0', '2023-05-27 07:35:30', '2023-05-27 07:35:30'),
	(904, '0.00', NULL, 'TCHSVNNH2023001', 'Tank Level Monitor', 'ON', '12:02:09', '0', '2023-05-27 07:35:33', '2023-05-27 07:35:33'),
	(905, '0.00', NULL, 'TCHSVNNH2023001', 'Tank Level Monitor', 'ON', '12:02:10', '0', '2023-05-27 07:35:33', '2023-05-27 07:35:33'),
	(906, '0.00', NULL, 'TCHSVNNH2023001', 'Tank Level Monitor', 'ON', '12:02:11', '0', '2023-05-27 07:35:34', '2023-05-27 07:35:34'),
	(907, '0.00', NULL, 'TCHSVNNH2023001', 'Tank Level Monitor', 'ON', '12:02:11', '0', '2023-05-27 07:35:35', '2023-05-27 07:35:35'),
	(908, '0.00', NULL, 'TCHSVNNH2023001', 'Tank Level Monitor', 'ON', '12:02:12', '0', '2023-05-27 07:35:35', '2023-05-27 07:35:35'),
	(909, '0.00', NULL, 'TCHSVNNH2023001', 'Tank Level Monitor', 'ON', '12:02:13', '0', '2023-05-27 07:35:36', '2023-05-27 07:35:36'),
	(910, '0.00', NULL, 'TCHSVNNH2023001', 'Tank Level Monitor', 'ON', '12:02:13', '0', '2023-05-27 07:35:36', '2023-05-27 07:35:36'),
	(911, '0.00', NULL, 'TCHSVNNH2023001', 'Tank Level Monitor', 'ON', '12:02:14', '0', '2023-05-27 07:35:37', '2023-05-27 07:35:37'),
	(912, '0.00', NULL, 'TCHSVNNH2023001', 'Tank Level Monitor', 'ON', '12:02:15', '0', '2023-05-27 07:35:41', '2023-05-27 07:35:41'),
	(913, '0.00', NULL, 'TCHSVNNH2023001', 'Tank Level Monitor', 'ON', '12:02:19', '0', '2023-05-27 07:35:42', '2023-05-27 07:35:42'),
	(914, '0.00', NULL, 'TCHSVNNH2023001', 'Tank Level Monitor', 'ON', '12:02:19', '0', '2023-05-27 07:35:43', '2023-05-27 07:35:43'),
	(915, '0.00', NULL, 'TCHSVNNH2023001', 'Tank Level Monitor', 'ON', '12:02:21', '0', '2023-05-27 07:35:44', '2023-05-27 07:35:44'),
	(916, '0.00', NULL, 'TCHSVNNH2023001', 'Tank Level Monitor', 'ON', '12:02:22', '0', '2023-05-27 07:35:46', '2023-05-27 07:35:46'),
	(917, '0.00', NULL, 'TCHSVNNH2023001', 'Tank Level Monitor', 'ON', '12:02:24', '0', '2023-05-27 07:35:47', '2023-05-27 07:35:47'),
	(918, '0.00', NULL, 'TCHSVNNH2023001', 'Tank Level Monitor', 'ON', '12:02:24', '0', '2023-05-27 07:35:47', '2023-05-27 07:35:47'),
	(919, '0.00', NULL, 'TCHSVNNH2023001', 'Tank Level Monitor', 'ON', '12:02:25', '0', '2023-05-27 07:35:48', '2023-05-27 07:35:48'),
	(920, '0.00', NULL, 'TCHSVNNH2023001', 'Tank Level Monitor', 'ON', '12:02:26', '0', '2023-05-27 07:35:49', '2023-05-27 07:35:49'),
	(921, '0.00', NULL, 'TCHSVNNH2023001', 'Tank Level Monitor', 'ON', '12:02:26', '0', '2023-05-27 07:35:49', '2023-05-27 07:35:49'),
	(922, '0.00', NULL, 'TCHSVNNH2023001', 'Tank Level Monitor', 'ON', '12:02:27', '0', '2023-05-27 07:35:51', '2023-05-27 07:35:51'),
	(923, '0.00', NULL, 'TCHSVNNH2023001', 'Tank Level Monitor', 'ON', '12:02:30', '0', '2023-05-27 07:35:54', '2023-05-27 07:35:54'),
	(924, '0.00', NULL, 'TCHSVNNH2023001', 'Tank Level Monitor', 'ON', '12:02:31', '0', '2023-05-27 07:35:54', '2023-05-27 07:35:54'),
	(925, '0.00', NULL, 'TCHSVNNH2023001', 'Tank Level Monitor', 'ON', '12:02:32', '0', '2023-05-27 07:35:55', '2023-05-27 07:35:55'),
	(926, '0.00', NULL, 'TCHSVNNH2023001', 'Tank Level Monitor', 'ON', '12:02:32', '0', '2023-05-27 07:35:56', '2023-05-27 07:35:56'),
	(927, '0.00', NULL, 'TCHSVNNH2023001', 'Tank Level Monitor', 'ON', '12:02:33', '0', '2023-05-27 07:35:56', '2023-05-27 07:35:56'),
	(928, '0.00', NULL, 'TCHSVNNH2023001', 'Tank Level Monitor', 'ON', '12:02:34', '0', '2023-05-27 07:35:57', '2023-05-27 07:35:57'),
	(929, '0.00', NULL, 'TCHSVNNH2023001', 'Tank Level Monitor', 'ON', '12:02:34', '0', '2023-05-27 07:35:58', '2023-05-27 07:35:58'),
	(930, '0.00', NULL, 'TCHSVNNH2023001', 'Tank Level Monitor', 'ON', '12:02:35', '0', '2023-05-27 07:35:58', '2023-05-27 07:35:58'),
	(931, '0.00', NULL, 'TCHSVNNH2023001', 'Tank Level Monitor', 'ON', '12:02:36', '0', '2023-05-27 07:36:02', '2023-05-27 07:36:02'),
	(932, '0.00', NULL, 'TCHSVNNH2023001', 'Tank Level Monitor', 'ON', '12:02:42', '0', '2023-05-27 07:36:06', '2023-05-27 07:36:06'),
	(933, '0.00', NULL, 'TCHSVNNH2023001', 'Tank Level Monitor', 'ON', '12:02:45', '0', '2023-05-27 07:36:09', '2023-05-27 07:36:09'),
	(934, '0.00', NULL, 'TCHSVNNH2023001', 'Tank Level Monitor', 'ON', '12:02:48', '0', '2023-05-27 07:36:11', '2023-05-27 07:36:11'),
	(935, '0.00', NULL, 'TCHSVNNH2023001', 'Tank Level Monitor', 'ON', '12:02:49', '0', '2023-05-27 07:36:12', '2023-05-27 07:36:12'),
	(936, '0.00', NULL, 'TCHSVNNH2023001', 'Tank Level Monitor', 'ON', '12:02:50', '0', '2023-05-27 07:36:13', '2023-05-27 07:36:13'),
	(937, '0.00', NULL, 'TCHSVNNH2023001', 'Tank Level Monitor', 'ON', '12:02:50', '0', '2023-05-27 07:36:16', '2023-05-27 07:36:16'),
	(938, '0.00', NULL, 'TCHSVNNH2023001', 'Tank Level Monitor', 'ON', '12:02:54', '0', '2023-05-27 07:36:17', '2023-05-27 07:36:17'),
	(939, '0.00', NULL, 'TCHSVNNH2023001', 'Tank Level Monitor', 'ON', '12:02:55', '0', '2023-05-27 07:36:21', '2023-05-27 07:36:21'),
	(940, '0.00', NULL, 'TCHSVNNH2023001', 'Tank Level Monitor', 'ON', '12:02:59', '0', '2023-05-27 07:36:22', '2023-05-27 07:36:22'),
	(941, '0.00', NULL, 'TCHSVNNH2023001', 'Tank Level Monitor', 'ON', '12:03:02', '0', '2023-05-27 07:36:25', '2023-05-27 07:36:25'),
	(942, '0.00', NULL, 'TCHSVNNH2023001', 'Tank Level Monitor', 'ON', '12:03:03', '0', '2023-05-27 07:36:26', '2023-05-27 07:36:26'),
	(943, '0.00', NULL, 'TCHSVNNH2023001', 'Tank Level Monitor', 'ON', '12:03:06', '0', '2023-05-27 07:36:29', '2023-05-27 07:36:29'),
	(944, '0.00', NULL, 'TCHSVNNH2023001', 'Tank Level Monitor', 'ON', '12:03:09', '0', '2023-05-27 07:36:36', '2023-05-27 07:36:36'),
	(945, '0.00', NULL, 'TCHSVNNH2023001', 'Tank Level Monitor', 'ON', '12:03:16', '0', '2023-05-27 07:36:39', '2023-05-27 07:36:39'),
	(946, '0.00', NULL, 'TCHSVNNH2023001', 'Tank Level Monitor', 'ON', '12:03:18', '0', '2023-05-27 07:36:41', '2023-05-27 07:36:41'),
	(947, '0.00', NULL, 'TCHSVNNH2023001', 'Tank Level Monitor', 'ON', '12:03:19', '0', '2023-05-27 07:36:42', '2023-05-27 07:36:42'),
	(948, '0.00', NULL, 'TCHSVNNH2023001', 'Tank Level Monitor', 'ON', '12:03:20', '0', '2023-05-27 07:36:44', '2023-05-27 07:36:44'),
	(949, '0.00', NULL, 'TCHSVNNH2023001', 'Tank Level Monitor', 'ON', '12:03:22', '0', '2023-05-27 07:36:45', '2023-05-27 07:36:45'),
	(950, '0.00', NULL, 'TCHSVNNH2023001', 'Tank Level Monitor', 'ON', '12:03:22', '0', '2023-05-27 07:36:49', '2023-05-27 07:36:49'),
	(951, '0.00', NULL, 'TCHSVNNH2023001', 'Tank Level Monitor', 'ON', '12:03:26', '0', '2023-05-27 07:36:50', '2023-05-27 07:36:50'),
	(952, '0.00', NULL, 'TCHSVNNH2023001', 'Tank Level Monitor', 'ON', '12:03:27', '0', '2023-05-27 07:36:53', '2023-05-27 07:36:53'),
	(953, '0.00', NULL, 'TCHSVNNH2023001', 'Tank Level Monitor', 'ON', '12:03:31', '0', '2023-05-27 07:36:54', '2023-05-27 07:36:54'),
	(954, '0.00', NULL, 'TCHSVNNH2023001', 'Tank Level Monitor', 'ON', '12:03:31', '0', '2023-05-27 07:36:55', '2023-05-27 07:36:55'),
	(955, '0.00', NULL, 'TCHSVNNH2023001', 'Tank Level Monitor', 'ON', '12:03:33', '0', '2023-05-27 07:36:56', '2023-05-27 07:36:56'),
	(956, '0.00', NULL, 'TCHSVNNH2023001', 'Tank Level Monitor', 'ON', '12:03:33', '0', '2023-05-27 07:36:56', '2023-05-27 07:36:56'),
	(957, '0.00', NULL, 'TCHSVNNH2023001', 'Tank Level Monitor', 'ON', '12:03:34', '0', '2023-05-27 07:36:57', '2023-05-27 07:36:57'),
	(958, '0.00', NULL, 'TCHSVNNH2023001', 'Tank Level Monitor', 'ON', '12:03:35', '0', '2023-05-27 07:36:58', '2023-05-27 07:36:58'),
	(959, '0.00', NULL, 'TCHSVNNH2023001', 'Tank Level Monitor', 'ON', '12:03:35', '0', '2023-05-27 07:36:59', '2023-05-27 07:36:59'),
	(960, '0.00', NULL, 'TCHSVNNH2023001', 'Tank Level Monitor', 'ON', '12:03:36', '0', '2023-05-27 07:36:59', '2023-05-27 07:36:59'),
	(961, '0.00', NULL, 'TCHSVNNH2023001', 'Tank Level Monitor', 'ON', '12:03:37', '0', '2023-05-27 07:37:00', '2023-05-27 07:37:00'),
	(962, '0.00', NULL, 'TCHSVNNH2023001', 'Tank Level Monitor', 'ON', '12:03:37', '0', '2023-05-27 07:37:01', '2023-05-27 07:37:01'),
	(963, '0.00', NULL, 'TCHSVNNH2023001', 'Tank Level Monitor', 'ON', '12:03:38', '0', '2023-05-27 07:37:02', '2023-05-27 07:37:02'),
	(964, '0.00', NULL, 'TCHSVNNH2023001', 'Tank Level Monitor', 'ON', '12:03:40', '0', '2023-05-27 07:37:03', '2023-05-27 07:37:03'),
	(965, '0.00', NULL, 'TCHSVNNH2023001', 'Tank Level Monitor', 'ON', '12:03:41', '0', '2023-05-27 07:37:04', '2023-05-27 07:37:04'),
	(966, '0.00', NULL, 'TCHSVNNH2023001', 'Tank Level Monitor', 'ON', '12:03:41', '0', '2023-05-27 07:37:06', '2023-05-27 07:37:06'),
	(967, '0.00', NULL, 'TCHSVNNH2023001', 'Tank Level Monitor', 'ON', '12:03:43', '0', '2023-05-27 07:37:09', '2023-05-27 07:37:09'),
	(968, '0.00', NULL, 'TCHSVNNH2023001', 'Tank Level Monitor', 'ON', '12:03:47', '0', '2023-05-27 07:37:10', '2023-05-27 07:37:10'),
	(969, '0.00', NULL, 'TCHSVNNH2023001', 'Tank Level Monitor', 'ON', '12:03:48', '0', '2023-05-27 07:37:11', '2023-05-27 07:37:11'),
	(970, '0.00', NULL, 'TCHSVNNH2023001', 'Tank Level Monitor', 'ON', '12:03:49', '0', '2023-05-27 07:37:15', '2023-05-27 07:37:15'),
	(971, '0.00', NULL, 'TCHSVNNH2023001', 'Tank Level Monitor', 'ON', '12:03:52', '0', '2023-05-27 07:37:15', '2023-05-27 07:37:15'),
	(972, '0.00', NULL, 'TCHSVNNH2023001', 'Tank Level Monitor', 'ON', '12:03:53', '0', '2023-05-27 07:37:16', '2023-05-27 07:37:16'),
	(973, '0.00', NULL, 'TCHSVNNH2023001', 'Tank Level Monitor', 'ON', '12:03:53', '0', '2023-05-27 07:37:17', '2023-05-27 07:37:17'),
	(974, '0.00', NULL, 'TCHSVNNH2023001', 'Tank Level Monitor', 'ON', '12:03:54', '0', '2023-05-27 07:37:17', '2023-05-27 07:37:17'),
	(975, '0.00', NULL, 'TCHSVNNH2023001', 'Tank Level Monitor', 'ON', '12:03:55', '0', '2023-05-27 07:37:18', '2023-05-27 07:37:18'),
	(976, '0.00', NULL, 'TCHSVNNH2023001', 'Tank Level Monitor', 'ON', '12:03:55', '0', '2023-05-27 07:37:19', '2023-05-27 07:37:19'),
	(977, '0.00', NULL, 'TCHSVNNH2023001', 'Tank Level Monitor', 'ON', '12:03:56', '0', '2023-05-27 07:37:19', '2023-05-27 07:37:19'),
	(978, '0.00', NULL, 'TCHSVNNH2023001', 'Tank Level Monitor', 'ON', '12:03:57', '0', '2023-05-27 07:37:20', '2023-05-27 07:37:20'),
	(979, '0.00', NULL, 'TCHSVNNH2023001', 'Tank Level Monitor', 'ON', '12:03:57', '0', '2023-05-27 07:37:21', '2023-05-27 07:37:21'),
	(980, '0.00', NULL, 'TCHSVNNH2023001', 'Tank Level Monitor', 'ON', '12:03:58', '0', '2023-05-27 07:37:21', '2023-05-27 07:37:21'),
	(981, '0.00', NULL, 'TCHSVNNH2023001', 'Tank Level Monitor', 'ON', '12:03:59', '0', '2023-05-27 07:37:23', '2023-05-27 07:37:23'),
	(982, '0.00', NULL, 'TCHSVNNH2023001', 'Tank Level Monitor', 'ON', '12:04:01', '0', '2023-05-27 07:37:24', '2023-05-27 07:37:24'),
	(983, '0.00', NULL, 'TCHSVNNH2023001', 'Tank Level Monitor', 'ON', '12:04:01', '0', '2023-05-27 07:37:24', '2023-05-27 07:37:24'),
	(984, '0.00', NULL, 'TCHSVNNH2023001', 'Tank Level Monitor', 'ON', '12:04:02', '0', '2023-05-27 07:37:26', '2023-05-27 07:37:26'),
	(985, '0.00', NULL, 'TCHSVNNH2023001', 'Tank Level Monitor', 'ON', '12:04:04', '0', '2023-05-27 07:37:27', '2023-05-27 07:37:27'),
	(986, '0.00', NULL, 'TCHSVNNH2023001', 'Tank Level Monitor', 'ON', '12:04:04', '0', '2023-05-27 07:37:27', '2023-05-27 07:37:27'),
	(987, '0.00', NULL, 'TCHSVNNH2023001', 'Tank Level Monitor', 'ON', '12:04:05', '0', '2023-05-27 07:37:28', '2023-05-27 07:37:28'),
	(988, '0.00', NULL, 'TCHSVNNH2023001', 'Tank Level Monitor', 'ON', '12:04:11', '0', '2023-05-27 07:37:35', '2023-05-27 07:37:35'),
	(989, '0.00', NULL, 'TCHSVNNH2023001', 'Tank Level Monitor', 'ON', '12:04:06', '0', '2023-05-27 07:37:38', '2023-05-27 07:37:38'),
	(990, '0.00', NULL, 'TCHSVNNH2023001', 'Tank Level Monitor', 'ON', '12:04:15', '0', '2023-05-27 07:37:38', '2023-05-27 07:37:38'),
	(991, '0.00', NULL, 'TCHSVNNH2023001', 'Tank Level Monitor', 'ON', '12:04:18', '0', '2023-05-27 07:37:46', '2023-05-27 07:37:46'),
	(992, '0.00', NULL, 'TCHSVNNH2023001', 'Tank Level Monitor', 'ON', '12:04:24', '0', '2023-05-27 07:37:47', '2023-05-27 07:37:47'),
	(993, '0.00', NULL, 'TCHSVNNH2023001', 'Tank Level Monitor', 'ON', '12:04:24', '0', '2023-05-27 07:37:48', '2023-05-27 07:37:48'),
	(994, '0.00', NULL, 'TCHSVNNH2023001', 'Tank Level Monitor', 'ON', '12:04:26', '0', '2023-05-27 07:37:49', '2023-05-27 07:37:49'),
	(995, '0.00', NULL, 'TCHSVNNH2023001', 'Tank Level Monitor', 'ON', '12:04:28', '0', '2023-05-27 07:37:51', '2023-05-27 07:37:51'),
	(996, '0.00', NULL, 'TCHSVNNH2023001', 'Tank Level Monitor', 'ON', '12:04:30', '0', '2023-05-27 07:37:53', '2023-05-27 07:37:53'),
	(997, '0.00', NULL, 'TCHSVNNH2023001', 'Tank Level Monitor', 'ON', '12:04:31', '0', '2023-05-27 07:37:54', '2023-05-27 07:37:54'),
	(998, '0.00', NULL, 'TCHSVNNH2023001', 'Tank Level Monitor', 'ON', '12:04:32', '0', '2023-05-27 07:37:55', '2023-05-27 07:37:55'),
	(999, '0.00', NULL, 'TCHSVNNH2023001', 'Tank Level Monitor', 'ON', '12:04:33', '0', '2023-05-27 07:37:56', '2023-05-27 07:37:56'),
	(1000, '0.00', NULL, 'TCHSVNNH2023001', 'Tank Level Monitor', 'ON', '12:04:34', '0', '2023-05-27 07:38:00', '2023-05-27 07:38:00'),
	(1001, '0.00', NULL, 'TCHSVNNH2023001', 'Tank Level Monitor', 'ON', '12:04:38', '0', '2023-05-27 07:38:01', '2023-05-27 07:38:01'),
	(1002, '0.00', NULL, 'TCHSVNNH2023001', 'Tank Level Monitor', 'ON', '12:04:38', '0', '2023-05-27 07:38:04', '2023-05-27 07:38:04'),
	(1003, '0.00', NULL, 'TCHSVNNH2023001', 'Tank Level Monitor', 'ON', '12:04:43', '0', '2023-05-27 07:38:06', '2023-05-27 07:38:06'),
	(1004, '0.00', NULL, 'TCHSVNNH2023001', 'Tank Level Monitor', 'ON', '12:04:44', '0', '2023-05-27 07:38:07', '2023-05-27 07:38:07'),
	(1005, '0.00', NULL, 'TCHSVNNH2023001', 'Tank Level Monitor', 'ON', '12:04:45', '0', '2023-05-27 07:38:08', '2023-05-27 07:38:08'),
	(1006, '0.00', NULL, 'TCHSVNNH2023001', 'Tank Level Monitor', 'ON', '12:04:46', '0', '2023-05-27 07:38:12', '2023-05-27 07:38:12'),
	(1007, '0.00', NULL, 'TCHSVNNH2023001', 'Tank Level Monitor', 'ON', '12:04:50', '0', '2023-05-27 07:38:14', '2023-05-27 07:38:14'),
	(1008, '0.00', NULL, 'TCHSVNNH2023001', 'Tank Level Monitor', 'ON', '12:04:52', '0', '2023-05-27 07:38:15', '2023-05-27 07:38:15'),
	(1009, '0.00', NULL, 'TCHSVNNH2023001', 'Tank Level Monitor', 'ON', '12:04:55', '0', '2023-05-27 07:38:19', '2023-05-27 07:38:19'),
	(1010, '0.00', NULL, 'TCHSVNNH2023001', 'Tank Level Monitor', 'ON', '12:04:58', '0', '2023-05-27 07:38:22', '2023-05-27 07:38:22'),
	(1011, '0.00', NULL, 'TCHSVNNH2023001', 'Tank Level Monitor', 'ON', '12:04:59', '0', '2023-05-27 07:38:23', '2023-05-27 07:38:23'),
	(1012, '0.00', NULL, 'TCHSVNNH2023001', 'Tank Level Monitor', 'ON', '12:05:00', '0', '2023-05-27 07:38:24', '2023-05-27 07:38:24'),
	(1013, '0.00', NULL, 'TCHSVNNH2023001', 'Tank Level Monitor', 'ON', '12:05:01', '0', '2023-05-27 07:38:24', '2023-05-27 07:38:24'),
	(1014, '0.00', NULL, 'TCHSVNNH2023001', 'Tank Level Monitor', 'ON', '12:05:02', '0', '2023-05-27 07:38:26', '2023-05-27 07:38:26'),
	(1015, '0.00', NULL, 'TCHSVNNH2023001', 'Tank Level Monitor', 'ON', '12:05:03', '0', '2023-05-27 07:38:27', '2023-05-27 07:38:27'),
	(1016, '0.00', NULL, 'TCHSVNNH2023001', 'Tank Level Monitor', 'ON', '12:05:04', '0', '2023-05-27 07:38:28', '2023-05-27 07:38:28'),
	(1017, '0.00', NULL, 'TCHSVNNH2023001', 'Tank Level Monitor', 'ON', '12:05:05', '0', '2023-05-27 07:38:28', '2023-05-27 07:38:28'),
	(1018, '0.00', NULL, 'TCHSVNNH2023001', 'Tank Level Monitor', 'ON', '12:05:06', '0', '2023-05-27 07:38:32', '2023-05-27 07:38:32'),
	(1019, '0.00', NULL, 'TCHSVNNH2023001', 'Tank Level Monitor', 'ON', '12:05:10', '0', '2023-05-27 07:38:33', '2023-05-27 07:38:33'),
	(1020, '0.00', NULL, 'TCHSVNNH2023001', 'Tank Level Monitor', 'ON', '12:05:10', '0', '2023-05-27 07:38:34', '2023-05-27 07:38:34'),
	(1021, '0.00', NULL, 'TCHSVNNH2023001', 'Tank Level Monitor', 'ON', '12:05:11', '0', '2023-05-27 07:38:34', '2023-05-27 07:38:34'),
	(1022, '0.00', NULL, 'TCHSVNNH2023001', 'Tank Level Monitor', 'ON', '12:05:12', '0', '2023-05-27 07:38:35', '2023-05-27 07:38:35'),
	(1023, '0.00', NULL, 'TCHSVNNH2023001', 'Tank Level Monitor', 'ON', '12:05:12', '0', '2023-05-27 07:38:36', '2023-05-27 07:38:36'),
	(1024, '0.00', NULL, 'TCHSVNNH2023001', 'Tank Level Monitor', 'ON', '12:05:14', '0', '2023-05-27 07:38:37', '2023-05-27 07:38:37'),
	(1025, '0.00', NULL, 'TCHSVNNH2023001', 'Tank Level Monitor', 'ON', '12:05:15', '0', '2023-05-27 07:38:38', '2023-05-27 07:38:38'),
	(1026, '0.00', NULL, 'TCHSVNNH2023001', 'Tank Level Monitor', 'ON', '12:05:15', '0', '2023-05-27 07:38:38', '2023-05-27 07:38:38'),
	(1027, '0.00', NULL, 'TCHSVNNH2023001', 'Tank Level Monitor', 'ON', '12:05:16', '0', '2023-05-27 07:38:39', '2023-05-27 07:38:39'),
	(1028, '0.00', NULL, 'TCHSVNNH2023001', 'Tank Level Monitor', 'ON', '12:05:17', '0', '2023-05-27 07:38:40', '2023-05-27 07:38:40'),
	(1029, '0.00', NULL, 'TCHSVNNH2023001', 'Tank Level Monitor', 'ON', '12:05:17', '0', '2023-05-27 07:38:40', '2023-05-27 07:38:40'),
	(1030, '0.00', NULL, 'TCHSVNNH2023001', 'Tank Level Monitor', 'ON', '12:05:18', '0', '2023-05-27 07:38:44', '2023-05-27 07:38:44'),
	(1031, '0.00', NULL, 'TCHSVNNH2023001', 'Tank Level Monitor', 'ON', '12:05:22', '0', '2023-05-27 07:38:46', '2023-05-27 07:38:46'),
	(1032, '0.00', NULL, 'TCHSVNNH2023001', 'Tank Level Monitor', 'ON', '12:05:23', '0', '2023-05-27 07:38:47', '2023-05-27 07:38:47'),
	(1033, '0.00', NULL, 'TCHSVNNH2023001', 'Tank Level Monitor', 'ON', '12:05:25', '0', '2023-05-27 07:38:48', '2023-05-27 07:38:48'),
	(1034, '0.00', NULL, 'TCHSVNNH2023001', 'Tank Level Monitor', 'ON', '12:05:25', '0', '2023-05-27 07:38:48', '2023-05-27 07:38:48'),
	(1035, '0.00', NULL, 'TCHSVNNH2023001', 'Tank Level Monitor', 'ON', '12:05:26', '0', '2023-05-27 07:38:49', '2023-05-27 07:38:49'),
	(1036, '0.00', NULL, 'TCHSVNNH2023001', 'Tank Level Monitor', 'ON', '12:05:27', '0', '2023-05-27 07:38:50', '2023-05-27 07:38:50'),
	(1037, '0.00', NULL, 'TCHSVNNH2023001', 'Tank Level Monitor', 'ON', '12:05:27', '0', '2023-05-27 07:38:51', '2023-05-27 07:38:51'),
	(1038, '0.00', NULL, 'TCHSVNNH2023001', 'Tank Level Monitor', 'ON', '12:05:28', '0', '2023-05-27 07:38:51', '2023-05-27 07:38:51'),
	(1039, '0.00', NULL, 'TCHSVNNH2023001', 'Tank Level Monitor', 'ON', '12:05:29', '0', '2023-05-27 07:38:53', '2023-05-27 07:38:53'),
	(1040, '0.00', NULL, 'TCHSVNNH2023001', 'Tank Level Monitor', 'ON', '12:05:31', '0', '2023-05-27 07:38:54', '2023-05-27 07:38:54'),
	(1041, '0.00', NULL, 'TCHSVNNH2023001', 'Tank Level Monitor', 'ON', '12:05:31', '0', '2023-05-27 07:38:54', '2023-05-27 07:38:54'),
	(1042, '0.00', NULL, 'TCHSVNNH2023001', 'Tank Level Monitor', 'ON', '12:05:32', '0', '2023-05-27 07:38:55', '2023-05-27 07:38:55'),
	(1043, '0.00', NULL, 'TCHSVNNH2023001', 'Tank Level Monitor', 'ON', '12:05:33', '0', '2023-05-27 07:38:56', '2023-05-27 07:38:56'),
	(1044, '0.00', NULL, 'TCHSVNNH2023001', 'Tank Level Monitor', 'ON', '12:05:33', '0', '2023-05-27 07:38:57', '2023-05-27 07:38:57'),
	(1045, '0.00', NULL, 'TCHSVNNH2023001', 'Tank Level Monitor', 'ON', '12:05:34', '0', '2023-05-27 07:38:57', '2023-05-27 07:38:57'),
	(1046, '0.00', NULL, 'TCHSVNNH2023001', 'Tank Level Monitor', 'ON', '12:05:35', '0', '2023-05-27 07:38:58', '2023-05-27 07:38:58'),
	(1047, '0.00', NULL, 'TCHSVNNH2023001', 'Tank Level Monitor', 'ON', '12:05:36', '0', '2023-05-27 07:38:59', '2023-05-27 07:38:59'),
	(1048, '0.00', NULL, 'TCHSVNNH2023001', 'Tank Level Monitor', 'ON', '12:05:36', '0', '2023-05-27 07:38:59', '2023-05-27 07:38:59'),
	(1049, '0.00', NULL, 'TCHSVNNH2023001', 'Tank Level Monitor', 'ON', '12:05:57', '0', '2023-05-27 07:39:21', '2023-05-27 07:39:21'),
	(1050, '0.00', NULL, 'TCHSVNNH2023001', 'Tank Level Monitor', 'ON', '12:06:01', '0', '2023-05-27 07:39:42', '2023-05-27 07:39:42'),
	(1051, '0.00', NULL, 'TCHSVNNH2023001', 'Tank Level Monitor', 'ON', '12:06:45', '0', '2023-05-27 07:40:11', '2023-05-27 07:40:11'),
	(1052, '0.00', NULL, 'TCHSVNNH2023001', 'Tank Level Monitor', 'ON', '12:06:49', '0', '2023-05-27 07:40:12', '2023-05-27 07:40:12'),
	(1053, '0.00', NULL, 'TCHSVNNH2023001', 'Tank Level Monitor', 'ON', '12:06:50', '0', '2023-05-27 07:40:13', '2023-05-27 07:40:13'),
	(1054, '0.00', NULL, 'TCHSVNNH2023001', 'Tank Level Monitor', 'ON', '12:06:51', '0', '2023-05-27 07:40:15', '2023-05-27 07:40:15'),
	(1055, '0.00', NULL, 'TCHSVNNH2023001', 'Tank Level Monitor', 'ON', '12:06:52', '0', '2023-05-27 07:40:16', '2023-05-27 07:40:16'),
	(1056, '0.00', NULL, 'TCHSVNNH2023001', 'Tank Level Monitor', 'ON', '12:06:54', '0', '2023-05-27 07:40:18', '2023-05-27 07:40:18'),
	(1057, '0.00', NULL, 'TCHSVNNH2023001', 'Tank Level Monitor', 'ON', '12:06:56', '0', '2023-05-27 07:40:20', '2023-05-27 07:40:20'),
	(1058, '0.00', NULL, 'TCHSVNNH2023001', 'Tank Level Monitor', 'ON', '12:06:57', '0', '2023-05-27 07:40:24', '2023-05-27 07:40:24'),
	(1059, '0.00', NULL, 'TCHSVNNH2023001', 'Tank Level Monitor', 'ON', '12:07:04', '0', '2023-05-27 07:40:27', '2023-05-27 07:40:27'),
	(1060, '0.00', NULL, 'TCHSVNNH2023001', 'Tank Level Monitor', 'ON', '12:06:17', '0', '2023-05-27 07:40:28', '2023-05-27 07:40:28'),
	(1061, '0.00', NULL, 'TCHSVNNH2023001', 'Tank Level Monitor', 'ON', '12:07:05', '0', '2023-05-27 07:40:28', '2023-05-27 07:40:28'),
	(1062, '0.00', NULL, 'TCHSVNNH2023001', 'Tank Level Monitor', 'ON', '12:07:08', '0', '2023-05-27 07:40:32', '2023-05-27 07:40:32'),
	(1063, '0.00', NULL, 'TCHSVNNH2023001', 'Tank Level Monitor', 'ON', '12:07:12', '0', '2023-05-27 07:40:35', '2023-05-27 07:40:35'),
	(1064, '0.00', NULL, 'TCHSVNNH2023001', 'Tank Level Monitor', 'ON', '12:07:15', '0', '2023-05-27 07:40:39', '2023-05-27 07:40:39'),
	(1065, '0.00', NULL, 'TCHSVNNH2023001', 'Tank Level Monitor', 'ON', '12:07:18', '0', '2023-05-27 07:40:41', '2023-05-27 07:40:41'),
	(1066, '0.00', NULL, 'TCHSVNNH2023001', 'Tank Level Monitor', 'ON', '12:07:19', '0', '2023-05-27 07:40:42', '2023-05-27 07:40:42'),
	(1067, '0.00', NULL, 'TCHSVNNH2023001', 'Tank Level Monitor', 'ON', '12:07:20', '0', '2023-05-27 07:40:43', '2023-05-27 07:40:43'),
	(1068, '0.00', NULL, 'TCHSVNNH2023001', 'Tank Level Monitor', 'ON', '12:07:20', '0', '2023-05-27 07:40:44', '2023-05-27 07:40:44'),
	(1069, '0.00', NULL, 'TCHSVNNH2023001', 'Tank Level Monitor', 'ON', '12:07:21', '0', '2023-05-27 07:40:47', '2023-05-27 07:40:47'),
	(1070, '0.00', NULL, 'TCHSVNNH2023001', 'Tank Level Monitor', 'ON', '12:07:27', '0', '2023-05-27 07:40:50', '2023-05-27 07:40:50'),
	(1071, '0.00', NULL, 'TCHSVNNH2023001', 'Tank Level Monitor', 'ON', '12:07:27', '0', '2023-05-27 07:40:54', '2023-05-27 07:40:54'),
	(1072, '0.00', NULL, 'TCHSVNNH2023001', 'Tank Level Monitor', 'ON', '12:07:34', '0', '2023-05-27 07:40:58', '2023-05-27 07:40:58'),
	(1073, '0.00', NULL, 'TCHSVNNH2023001', 'Tank Level Monitor', 'ON', '12:07:38', '0', '2023-05-27 07:41:01', '2023-05-27 07:41:01'),
	(1074, '0.00', NULL, 'TCHSVNNH2023001', 'Tank Level Monitor', 'ON', '12:07:39', '0', '2023-05-27 07:41:02', '2023-05-27 07:41:02'),
	(1075, '0.00', NULL, 'TCHSVNNH2023001', 'Tank Level Monitor', 'ON', '12:07:39', '0', '2023-05-27 07:41:06', '2023-05-27 07:41:06'),
	(1076, '0.00', NULL, 'TCHSVNNH2023001', 'Tank Level Monitor', 'ON', '12:07:44', '0', '2023-05-27 07:41:08', '2023-05-27 07:41:08'),
	(1077, '0.00', NULL, 'TCHSVNNH2023001', 'Tank Level Monitor', 'ON', '12:07:45', '0', '2023-05-27 07:41:12', '2023-05-27 07:41:12'),
	(1078, '0.00', NULL, 'TCHSVNNH2023001', 'Tank Level Monitor', 'ON', '12:07:49', '0', '2023-05-27 07:41:13', '2023-05-27 07:41:13'),
	(1079, '0.00', NULL, 'TCHSVNNH2023001', 'Tank Level Monitor', 'ON', '12:07:50', '0', '2023-05-27 07:41:13', '2023-05-27 07:41:13'),
	(1080, '0.00', NULL, 'TCHSVNNH2023001', 'Tank Level Monitor', 'ON', '12:07:51', '0', '2023-05-27 07:41:14', '2023-05-27 07:41:14'),
	(1081, '0.00', NULL, 'TCHSVNNH2023001', 'Tank Level Monitor', 'ON', '12:07:51', '0', '2023-05-27 07:41:17', '2023-05-27 07:41:17'),
	(1082, '0.00', NULL, 'TCHSVNNH2023001', 'Tank Level Monitor', 'ON', '12:07:55', '0', '2023-05-27 07:41:18', '2023-05-27 07:41:18'),
	(1083, '0.00', NULL, 'TCHSVNNH2023001', 'Tank Level Monitor', 'ON', '12:07:56', '0', '2023-05-27 07:41:19', '2023-05-27 07:41:19'),
	(1084, '0.00', NULL, 'TCHSVNNH2023001', 'Tank Level Monitor', 'ON', '12:07:58', '0', '2023-05-27 07:41:21', '2023-05-27 07:41:21'),
	(1085, '0.00', NULL, 'TCHSVNNH2023001', 'Tank Level Monitor', 'ON', '12:07:58', '0', '2023-05-27 07:41:21', '2023-05-27 07:41:21'),
	(1086, '0.00', NULL, 'TCHSVNNH2023001', 'Tank Level Monitor', 'ON', '12:07:59', '0', '2023-05-27 07:41:22', '2023-05-27 07:41:22'),
	(1087, '0.00', NULL, 'TCHSVNNH2023001', 'Tank Level Monitor', 'ON', '12:08:00', '0', '2023-05-27 07:41:23', '2023-05-27 07:41:23'),
	(1088, '0.00', NULL, 'TCHSVNNH2023001', 'Tank Level Monitor', 'ON', '12:08:00', '0', '2023-05-27 07:41:23', '2023-05-27 07:41:23'),
	(1089, '0.00', NULL, 'TCHSVNNH2023001', 'Tank Level Monitor', 'ON', '12:08:01', '0', '2023-05-27 07:41:24', '2023-05-27 07:41:24'),
	(1090, '0.00', NULL, 'TCHSVNNH2023001', 'Tank Level Monitor', 'ON', '12:08:02', '0', '2023-05-27 07:41:25', '2023-05-27 07:41:25'),
	(1091, '0.00', NULL, 'TCHSVNNH2023001', 'Tank Level Monitor', 'ON', '12:08:02', '0', '2023-05-27 07:41:26', '2023-05-27 07:41:26'),
	(1092, '0.00', NULL, 'TCHSVNNH2023001', 'Tank Level Monitor', 'ON', '12:08:03', '0', '2023-05-27 07:41:27', '2023-05-27 07:41:27'),
	(1093, '0.00', NULL, 'TCHSVNNH2023001', 'Tank Level Monitor', 'ON', '12:08:04', '0', '2023-05-27 07:41:27', '2023-05-27 07:41:27'),
	(1094, '0.00', NULL, 'TCHSVNNH2023001', 'Tank Level Monitor', 'ON', '12:08:05', '0', '2023-05-27 07:41:31', '2023-05-27 07:41:31'),
	(1095, '0.00', NULL, 'TCHSVNNH2023001', 'Tank Level Monitor', 'ON', '12:08:09', '0', '2023-05-27 07:41:33', '2023-05-27 07:41:33'),
	(1096, '0.00', NULL, 'TCHSVNNH2023001', 'Tank Level Monitor', 'ON', '12:08:10', '0', '2023-05-27 07:41:33', '2023-05-27 07:41:33'),
	(1097, '0.00', NULL, 'TCHSVNNH2023001', 'Tank Level Monitor', 'ON', '12:08:11', '0', '2023-05-27 07:41:34', '2023-05-27 07:41:34'),
	(1098, '0.00', NULL, 'TCHSVNNH2023001', 'Tank Level Monitor', 'ON', '12:08:11', '0', '2023-05-27 07:41:35', '2023-05-27 07:41:35'),
	(1099, '0.00', NULL, 'TCHSVNNH2023001', 'Tank Level Monitor', 'ON', '12:08:12', '0', '2023-05-27 07:41:35', '2023-05-27 07:41:35'),
	(1100, '0.00', NULL, 'TCHSVNNH2023001', 'Tank Level Monitor', 'ON', '12:08:13', '0', '2023-05-27 07:41:39', '2023-05-27 07:41:39'),
	(1101, '0.00', NULL, 'TCHSVNNH2023001', 'Tank Level Monitor', 'ON', '12:08:16', '0', '2023-05-27 07:41:40', '2023-05-27 07:41:40'),
	(1102, '0.00', NULL, 'TCHSVNNH2023001', 'Tank Level Monitor', 'ON', '12:08:17', '0', '2023-05-27 07:41:40', '2023-05-27 07:41:40'),
	(1103, '0.00', NULL, 'TCHSVNNH2023001', 'Tank Level Monitor', 'ON', '12:08:18', '0', '2023-05-27 07:41:41', '2023-05-27 07:41:41'),
	(1104, '0.00', NULL, 'TCHSVNNH2023001', 'Tank Level Monitor', 'ON', '12:08:18', '0', '2023-05-27 07:41:42', '2023-05-27 07:41:42'),
	(1105, '0.00', NULL, 'TCHSVNNH2023001', 'Tank Level Monitor', 'ON', '12:08:19', '0', '2023-05-27 07:41:43', '2023-05-27 07:41:43'),
	(1106, '0.00', NULL, 'TCHSVNNH2023001', 'Tank Level Monitor', 'ON', '12:08:20', '0', '2023-05-27 07:41:43', '2023-05-27 07:41:43'),
	(1107, '0.00', NULL, 'TCHSVNNH2023001', 'Tank Level Monitor', 'ON', '12:08:21', '0', '2023-05-27 07:41:44', '2023-05-27 07:41:44'),
	(1108, '0.00', NULL, 'TCHSVNNH2023001', 'Tank Level Monitor', 'ON', '12:08:21', '0', '2023-05-27 07:41:45', '2023-05-27 07:41:45'),
	(1109, '0.00', NULL, 'TCHSVNNH2023001', 'Tank Level Monitor', 'ON', '12:08:22', '0', '2023-05-27 07:41:45', '2023-05-27 07:41:45'),
	(1110, '0.00', NULL, 'TCHSVNNH2023001', 'Tank Level Monitor', 'ON', '12:08:23', '0', '2023-05-27 07:41:49', '2023-05-27 07:41:49'),
	(1111, '0.00', NULL, 'TCHSVNNH2023001', 'Tank Level Monitor', 'ON', '12:08:26', '0', '2023-05-27 07:41:50', '2023-05-27 07:41:50'),
	(1112, '0.00', NULL, 'TCHSVNNH2023001', 'Tank Level Monitor', 'ON', '12:08:27', '0', '2023-05-27 07:41:50', '2023-05-27 07:41:50'),
	(1113, '0.00', NULL, 'TCHSVNNH2023001', 'Tank Level Monitor', 'ON', '12:08:28', '0', '2023-05-27 07:41:51', '2023-05-27 07:41:51'),
	(1114, '0.00', NULL, 'TCHSVNNH2023001', 'Tank Level Monitor', 'ON', '12:08:34', '0', '2023-05-27 07:41:57', '2023-05-27 07:41:57'),
	(1115, '0.00', NULL, 'TCHSVNNH2023001', 'Tank Level Monitor', 'ON', '12:08:35', '0', '2023-05-27 07:41:58', '2023-05-27 07:41:58'),
	(1116, '0.00', NULL, 'TCHSVNNH2023001', 'Tank Level Monitor', 'ON', '12:08:36', '0', '2023-05-27 07:41:59', '2023-05-27 07:41:59'),
	(1117, '0.00', NULL, 'TCHSVNNH2023001', 'Tank Level Monitor', 'ON', '12:08:37', '0', '2023-05-27 07:42:00', '2023-05-27 07:42:00'),
	(1118, '0.00', NULL, 'TCHSVNNH2023001', 'Tank Level Monitor', 'ON', '12:08:38', '0', '2023-05-27 07:42:01', '2023-05-27 07:42:01'),
	(1119, '0.00', NULL, 'TCHSVNNH2023001', 'Tank Level Monitor', 'ON', '12:08:39', '0', '2023-05-27 07:42:03', '2023-05-27 07:42:03'),
	(1120, '0.00', NULL, 'TCHSVNNH2023001', 'Tank Level Monitor', 'ON', '12:08:41', '0', '2023-05-27 07:42:05', '2023-05-27 07:42:05'),
	(1121, '0.00', NULL, 'TCHSVNNH2023001', 'Tank Level Monitor', 'ON', '12:08:42', '0', '2023-05-27 07:42:06', '2023-05-27 07:42:06'),
	(1122, '0.00', NULL, 'TCHSVNNH2023001', 'Tank Level Monitor', 'ON', '12:08:44', '0', '2023-05-27 07:42:07', '2023-05-27 07:42:07'),
	(1123, '0.00', NULL, 'TCHSVNNH2023001', 'Tank Level Monitor', 'ON', '12:08:44', '0', '2023-05-27 07:42:08', '2023-05-27 07:42:08'),
	(1124, '0.00', NULL, 'TCHSVNNH2023001', 'Tank Level Monitor', 'ON', '12:08:45', '0', '2023-05-27 07:42:08', '2023-05-27 07:42:08'),
	(1125, '0.00', NULL, 'TCHSVNNH2023001', 'Tank Level Monitor', 'ON', '12:08:46', '0', '2023-05-27 07:42:09', '2023-05-27 07:42:09'),
	(1126, '0.00', NULL, 'TCHSVNNH2023001', 'Tank Level Monitor', 'ON', '12:08:46', '0', '2023-05-27 07:42:10', '2023-05-27 07:42:10'),
	(1127, '0.00', NULL, 'TCHSVNNH2023001', 'Tank Level Monitor', 'ON', '12:08:47', '0', '2023-05-27 07:42:10', '2023-05-27 07:42:10'),
	(1128, '0.00', NULL, 'TCHSVNNH2023001', 'Tank Level Monitor', 'ON', '12:08:48', '0', '2023-05-27 07:42:11', '2023-05-27 07:42:11'),
	(1129, '0.00', NULL, 'TCHSVNNH2023001', 'Tank Level Monitor', 'ON', '12:08:48', '0', '2023-05-27 07:42:12', '2023-05-27 07:42:12'),
	(1130, '0.00', NULL, 'TCHSVNNH2023001', 'Tank Level Monitor', 'ON', '12:08:49', '0', '2023-05-27 07:42:12', '2023-05-27 07:42:12'),
	(1131, '0.00', NULL, 'TCHSVNNH2023001', 'Tank Level Monitor', 'ON', '12:08:50', '0', '2023-05-27 07:42:13', '2023-05-27 07:42:13'),
	(1132, '0.00', NULL, 'TCHSVNNH2023001', 'Tank Level Monitor', 'ON', '12:08:50', '0', '2023-05-27 07:42:14', '2023-05-27 07:42:14'),
	(1133, '0.00', NULL, 'TCHSVNNH2023001', 'Tank Level Monitor', 'ON', '12:08:51', '0', '2023-05-27 07:42:14', '2023-05-27 07:42:14'),
	(1134, '0.00', NULL, 'TCHSVNNH2023001', 'Tank Level Monitor', 'ON', '12:08:52', '0', '2023-05-27 07:42:18', '2023-05-27 07:42:18'),
	(1135, '0.00', NULL, 'TCHSVNNH2023001', 'Tank Level Monitor', 'ON', '12:08:55', '0', '2023-05-27 07:42:19', '2023-05-27 07:42:19'),
	(1136, '0.00', NULL, 'TCHSVNNH2023001', 'Tank Level Monitor', 'ON', '12:08:56', '0', '2023-05-27 07:42:19', '2023-05-27 07:42:19'),
	(1137, '0.00', NULL, 'TCHSVNNH2023001', 'Tank Level Monitor', 'ON', '12:08:57', '0', '2023-05-27 07:42:20', '2023-05-27 07:42:20'),
	(1138, '0.00', NULL, 'TCHSVNNH2023001', 'Tank Level Monitor', 'ON', '12:08:57', '0', '2023-05-27 07:42:21', '2023-05-27 07:42:21'),
	(1139, '0.00', NULL, 'TCHSVNNH2023001', 'Tank Level Monitor', 'ON', '12:09:00', '0', '2023-05-27 07:42:24', '2023-05-27 07:42:24'),
	(1140, '0.00', NULL, 'TCHSVNNH2023001', 'Tank Level Monitor', 'ON', '12:09:01', '0', '2023-05-27 07:42:25', '2023-05-27 07:42:25'),
	(1141, '0.00', NULL, 'TCHSVNNH2023001', 'Tank Level Monitor', 'ON', '12:09:02', '0', '2023-05-27 07:42:28', '2023-05-27 07:42:28'),
	(1142, '0.00', NULL, 'TCHSVNNH2023001', 'Tank Level Monitor', 'ON', '12:09:09', '0', '2023-05-27 07:42:32', '2023-05-27 07:42:32'),
	(1143, '0.00', NULL, 'TCHSVNNH2023001', 'Tank Level Monitor', 'ON', '12:09:12', '0', '2023-05-27 07:42:35', '2023-05-27 07:42:35'),
	(1144, '0.00', NULL, 'TCHSVNNH2023001', 'Tank Level Monitor', 'ON', '12:09:13', '0', '2023-05-27 07:42:36', '2023-05-27 07:42:36'),
	(1145, '0.00', NULL, 'TCHSVNNH2023001', 'Tank Level Monitor', 'ON', '12:09:14', '0', '2023-05-27 07:42:38', '2023-05-27 07:42:38'),
	(1146, '0.00', NULL, 'TCHSVNNH2023001', 'Tank Level Monitor', 'ON', '12:09:15', '0', '2023-05-27 07:42:39', '2023-05-27 07:42:39'),
	(1147, '0.00', NULL, 'TCHSVNNH2023001', 'Tank Level Monitor', 'ON', '12:09:16', '0', '2023-05-27 07:42:40', '2023-05-27 07:42:40'),
	(1148, '0.00', NULL, 'TCHSVNNH2023001', 'Tank Level Monitor', 'ON', '12:09:17', '0', '2023-05-27 07:42:40', '2023-05-27 07:42:40'),
	(1149, '0.00', NULL, 'TCHSVNNH2023001', 'Tank Level Monitor', 'ON', '12:09:18', '0', '2023-05-27 07:42:41', '2023-05-27 07:42:41'),
	(1150, '0.00', NULL, 'TCHSVNNH2023001', 'Tank Level Monitor', 'ON', '12:09:18', '0', '2023-05-27 07:42:43', '2023-05-27 07:42:43'),
	(1151, '0.00', NULL, 'TCHSVNNH2023001', 'Tank Level Monitor', 'ON', '12:09:20', '0', '2023-05-27 07:42:44', '2023-05-27 07:42:44'),
	(1152, '0.00', NULL, 'TCHSVNNH2023001', 'Tank Level Monitor', 'ON', '12:09:21', '0', '2023-05-27 07:42:46', '2023-05-27 07:42:46'),
	(1153, '0.00', NULL, 'TCHSVNNH2023001', 'Tank Level Monitor', 'ON', '12:09:24', '0', '2023-05-27 07:42:47', '2023-05-27 07:42:47'),
	(1154, '0.00', NULL, 'TCHSVNNH2023001', 'Tank Level Monitor', 'ON', '12:09:25', '0', '2023-05-27 07:42:48', '2023-05-27 07:42:48'),
	(1155, '0.00', NULL, 'TCHSVNNH2023001', 'Tank Level Monitor', 'ON', '12:09:26', '0', '2023-05-27 07:42:49', '2023-05-27 07:42:49'),
	(1156, '0.00', NULL, 'TCHSVNNH2023001', 'Tank Level Monitor', 'ON', '12:09:27', '0', '2023-05-27 07:42:51', '2023-05-27 07:42:51'),
	(1157, '0.00', NULL, 'TCHSVNNH2023001', 'Tank Level Monitor', 'ON', '12:09:28', '0', '2023-05-27 07:42:52', '2023-05-27 07:42:52'),
	(1158, '0.00', NULL, 'TCHSVNNH2023001', 'Tank Level Monitor', 'ON', '12:09:30', '0', '2023-05-27 07:42:53', '2023-05-27 07:42:53'),
	(1159, '0.00', NULL, 'TCHSVNNH2023001', 'Tank Level Monitor', 'ON', '12:09:31', '0', '2023-05-27 07:42:54', '2023-05-27 07:42:54'),
	(1160, '0.00', NULL, 'TCHSVNNH2023001', 'Tank Level Monitor', 'ON', '12:09:32', '0', '2023-05-27 07:42:55', '2023-05-27 07:42:55'),
	(1161, '0.00', NULL, 'TCHSVNNH2023001', 'Tank Level Monitor', 'ON', '12:09:33', '0', '2023-05-27 07:42:57', '2023-05-27 07:42:57'),
	(1162, '0.00', NULL, 'TCHSVNNH2023001', 'Tank Level Monitor', 'ON', '12:09:34', '0', '2023-05-27 07:42:58', '2023-05-27 07:42:58'),
	(1163, '0.00', NULL, 'TCHSVNNH2023001', 'Tank Level Monitor', 'ON', '12:09:36', '0', '2023-05-27 07:42:59', '2023-05-27 07:42:59'),
	(1164, '0.00', NULL, 'TCHSVNNH2023001', 'Tank Level Monitor', 'ON', '12:09:37', '0', '2023-05-27 07:43:01', '2023-05-27 07:43:01'),
	(1165, '0.00', NULL, 'TCHSVNNH2023001', 'Tank Level Monitor', 'ON', '12:09:38', '0', '2023-05-27 07:43:02', '2023-05-27 07:43:02'),
	(1166, '0.00', NULL, 'TCHSVNNH2023001', 'Tank Level Monitor', 'ON', '12:09:40', '0', '2023-05-27 07:43:06', '2023-05-27 07:43:06'),
	(1167, '0.00', NULL, 'TCHSVNNH2023001', 'Tank Level Monitor', 'ON', '12:09:44', '0', '2023-05-27 07:43:07', '2023-05-27 07:43:07'),
	(1168, '0.00', NULL, 'TCHSVNNH2023001', 'Tank Level Monitor', 'ON', '12:09:45', '0', '2023-05-27 07:43:09', '2023-05-27 07:43:09'),
	(1169, '0.00', NULL, 'TCHSVNNH2023001', 'Tank Level Monitor', 'ON', '12:09:47', '0', '2023-05-27 07:43:10', '2023-05-27 07:43:10'),
	(1170, '0.00', NULL, 'TCHSVNNH2023001', 'Tank Level Monitor', 'ON', '12:09:48', '0', '2023-05-27 07:43:12', '2023-05-27 07:43:12'),
	(1171, '0.00', NULL, 'TCHSVNNH2023001', 'Tank Level Monitor', 'ON', '12:09:49', '0', '2023-05-27 07:43:16', '2023-05-27 07:43:16'),
	(1172, '0.00', NULL, 'TCHSVNNH2023001', 'Tank Level Monitor', 'ON', '12:09:53', '0', '2023-05-27 07:43:17', '2023-05-27 07:43:17'),
	(1173, '0.00', NULL, 'TCHSVNNH2023001', 'Tank Level Monitor', 'ON', '12:09:56', '0', '2023-05-27 07:43:19', '2023-05-27 07:43:19'),
	(1174, '0.00', NULL, 'TCHSVNNH2023001', 'Tank Level Monitor', 'ON', '12:09:57', '0', '2023-05-27 07:43:20', '2023-05-27 07:43:20'),
	(1175, '0.00', NULL, 'TCHSVNNH2023001', 'Tank Level Monitor', 'ON', '12:10:00', '0', '2023-05-27 07:43:26', '2023-05-27 07:43:26'),
	(1176, '0.00', NULL, 'TCHSVNNH2023001', 'Tank Level Monitor', 'ON', '12:10:04', '0', '2023-05-27 07:43:27', '2023-05-27 07:43:27'),
	(1177, '0.00', NULL, 'TCHSVNNH2023001', 'Tank Level Monitor', 'ON', '12:10:05', '0', '2023-05-27 07:43:29', '2023-05-27 07:43:29'),
	(1178, '0.00', NULL, 'TCHSVNNH2023001', 'Tank Level Monitor', 'ON', '12:10:06', '0', '2023-05-27 07:43:32', '2023-05-27 07:43:32'),
	(1179, '0.00', NULL, 'TCHSVNNH2023001', 'Tank Level Monitor', 'ON', '12:10:09', '0', '2023-05-27 07:43:33', '2023-05-27 07:43:33'),
	(1180, '0.00', NULL, 'TCHSVNNH2023001', 'Tank Level Monitor', 'ON', '12:10:10', '0', '2023-05-27 07:43:34', '2023-05-27 07:43:34'),
	(1181, '0.00', NULL, 'TCHSVNNH2023001', 'Tank Level Monitor', 'ON', '12:10:11', '0', '2023-05-27 07:43:34', '2023-05-27 07:43:34'),
	(1182, '0.00', NULL, 'TCHSVNNH2023001', 'Tank Level Monitor', 'ON', '12:10:13', '0', '2023-05-27 07:43:39', '2023-05-27 07:43:39'),
	(1183, '0.00', NULL, 'TCHSVNNH2023001', 'Tank Level Monitor', 'ON', '12:10:18', '0', '2023-05-27 07:43:42', '2023-05-27 07:43:42'),
	(1184, '0.00', NULL, 'TCHSVNNH2023001', 'Tank Level Monitor', 'ON', '12:10:21', '0', '2023-05-27 07:43:48', '2023-05-27 07:43:48'),
	(1185, '0.00', NULL, 'TCHSVNNH2023001', 'Tank Level Monitor', 'ON', '12:10:28', '0', '2023-05-27 07:43:51', '2023-05-27 07:43:51'),
	(1186, '0.00', NULL, 'TCHSVNNH2023001', 'Tank Level Monitor', 'ON', '12:10:31', '0', '2023-05-27 07:43:54', '2023-05-27 07:43:54'),
	(1187, '0.00', NULL, 'TCHSVNNH2023001', 'Tank Level Monitor', 'ON', '12:10:34', '0', '2023-05-27 07:43:57', '2023-05-27 07:43:57'),
	(1188, '0.00', NULL, 'TCHSVNNH2023001', 'Tank Level Monitor', 'ON', '12:10:35', '0', '2023-05-27 07:43:59', '2023-05-27 07:43:59'),
	(1189, '0.00', NULL, 'TCHSVNNH2023001', 'Tank Level Monitor', 'ON', '12:10:37', '0', '2023-05-27 07:44:00', '2023-05-27 07:44:00'),
	(1190, '0.00', NULL, 'TCHSVNNH2023001', 'Tank Level Monitor', 'ON', '12:10:37', '0', '2023-05-27 07:44:01', '2023-05-27 07:44:01'),
	(1191, '0.00', NULL, 'TCHSVNNH2023001', 'Tank Level Monitor', 'ON', '12:10:38', '0', '2023-05-27 07:44:01', '2023-05-27 07:44:01'),
	(1192, '0.00', NULL, 'TCHSVNNH2023001', 'Tank Level Monitor', 'ON', '12:10:39', '0', '2023-05-27 07:44:06', '2023-05-27 07:44:06'),
	(1193, '0.00', NULL, 'TCHSVNNH2023001', 'Tank Level Monitor', 'ON', '12:10:43', '0', '2023-05-27 07:44:06', '2023-05-27 07:44:06'),
	(1194, '0.00', NULL, 'TCHSVNNH2023001', 'Tank Level Monitor', 'ON', '12:10:44', '0', '2023-05-27 07:44:07', '2023-05-27 07:44:07'),
	(1195, '0.00', NULL, 'TCHSVNNH2023001', 'Tank Level Monitor', 'ON', '12:10:45', '0', '2023-05-27 07:44:11', '2023-05-27 07:44:11'),
	(1196, '0.00', NULL, 'TCHSVNNH2023001', 'Tank Level Monitor', 'ON', '12:10:51', '0', '2023-05-27 07:44:14', '2023-05-27 07:44:14'),
	(1197, '0.00', NULL, 'TCHSVNNH2023001', 'Tank Level Monitor', 'ON', '12:10:54', '0', '2023-05-27 07:44:17', '2023-05-27 07:44:17'),
	(1198, '0.00', NULL, 'TCHSVNNH2023001', 'Tank Level Monitor', 'ON', '12:10:56', '0', '2023-05-27 07:44:19', '2023-05-27 07:44:19'),
	(1199, '0.00', NULL, 'TCHSVNNH2023001', 'Tank Level Monitor', 'ON', '12:10:57', '0', '2023-05-27 07:44:21', '2023-05-27 07:44:21'),
	(1200, '0.00', NULL, 'TCHSVNNH2023001', 'Tank Level Monitor', 'ON', '12:10:58', '0', '2023-05-27 07:44:22', '2023-05-27 07:44:22'),
	(1201, '0.00', NULL, 'TCHSVNNH2023001', 'Tank Level Monitor', 'ON', '12:10:59', '0', '2023-05-27 07:44:22', '2023-05-27 07:44:22'),
	(1202, '0.00', NULL, 'TCHSVNNH2023001', 'Tank Level Monitor', 'ON', '12:11:00', '0', '2023-05-27 07:44:24', '2023-05-27 07:44:24'),
	(1203, '0.00', NULL, 'TCHSVNNH2023001', 'Tank Level Monitor', 'ON', '12:11:02', '0', '2023-05-27 07:44:25', '2023-05-27 07:44:25'),
	(1204, '0.00', NULL, 'TCHSVNNH2023001', 'Tank Level Monitor', 'ON', '12:11:02', '0', '2023-05-27 07:44:25', '2023-05-27 07:44:25'),
	(1205, '0.00', NULL, 'TCHSVNNH2023001', 'Tank Level Monitor', 'ON', '12:11:03', '0', '2023-05-27 07:44:26', '2023-05-27 07:44:26'),
	(1206, '0.00', NULL, 'TCHSVNNH2023001', 'Tank Level Monitor', 'ON', '12:11:04', '0', '2023-05-27 07:44:30', '2023-05-27 07:44:30'),
	(1207, '0.00', NULL, 'TCHSVNNH2023001', 'Tank Level Monitor', 'ON', '12:11:10', '0', '2023-05-27 07:44:34', '2023-05-27 07:44:34'),
	(1208, '0.00', NULL, 'TCHSVNNH2023001', 'Tank Level Monitor', 'ON', '12:11:13', '0', '2023-05-27 07:44:37', '2023-05-27 07:44:37'),
	(1209, '0.00', NULL, 'TCHSVNNH2023001', 'Tank Level Monitor', 'ON', '12:11:16', '0', '2023-05-27 07:44:41', '2023-05-27 07:44:41'),
	(1210, '0.00', NULL, 'TCHSVNNH2023001', 'Tank Level Monitor', 'ON', '12:11:19', '0', '2023-05-27 07:44:42', '2023-05-27 07:44:42'),
	(1211, '0.00', NULL, 'TCHSVNNH2023001', 'Tank Level Monitor', 'ON', '12:11:19', '0', '2023-05-27 07:44:43', '2023-05-27 07:44:43'),
	(1212, '0.00', NULL, 'TCHSVNNH2023001', 'Tank Level Monitor', 'ON', '12:11:21', '0', '2023-05-27 07:44:44', '2023-05-27 07:44:44'),
	(1213, '0.00', NULL, 'TCHSVNNH2023001', 'Tank Level Monitor', 'ON', '12:11:22', '0', '2023-05-27 07:44:45', '2023-05-27 07:44:45'),
	(1214, '0.00', NULL, 'TCHSVNNH2023001', 'Tank Level Monitor', 'ON', '12:11:22', '0', '2023-05-27 07:44:47', '2023-05-27 07:44:47'),
	(1215, '0.00', NULL, 'TCHSVNNH2023001', 'Tank Level Monitor', 'ON', '12:11:24', '0', '2023-05-27 07:44:51', '2023-05-27 07:44:51'),
	(1216, '0.00', NULL, 'TCHSVNNH2023001', 'Tank Level Monitor', 'ON', '12:11:30', '0', '2023-05-27 07:44:54', '2023-05-27 07:44:54'),
	(1217, '0.00', NULL, 'TCHSVNNH2023001', 'Tank Level Monitor', 'ON', '12:11:34', '0', '2023-05-27 07:44:57', '2023-05-27 07:44:57'),
	(1218, '0.00', NULL, 'TCHSVNNH2023001', 'Tank Level Monitor', 'ON', '12:11:36', '0', '2023-05-27 07:45:00', '2023-05-27 07:45:00'),
	(1219, '0.00', NULL, 'TCHSVNNH2023001', 'Tank Level Monitor', 'ON', '12:11:37', '0', '2023-05-27 07:45:01', '2023-05-27 07:45:01'),
	(1220, '0.00', NULL, 'TCHSVNNH2023001', 'Tank Level Monitor', 'ON', '12:11:38', '0', '2023-05-27 07:45:01', '2023-05-27 07:45:01'),
	(1221, '0.00', NULL, 'TCHSVNNH2023001', 'Tank Level Monitor', 'ON', '12:11:39', '0', '2023-05-27 07:45:02', '2023-05-27 07:45:02'),
	(1222, '0.00', NULL, 'TCHSVNNH2023001', 'Tank Level Monitor', 'ON', '12:11:40', '0', '2023-05-27 07:45:06', '2023-05-27 07:45:06'),
	(1223, '0.00', NULL, 'TCHSVNNH2023001', 'Tank Level Monitor', 'ON', '12:11:44', '0', '2023-05-27 07:45:07', '2023-05-27 07:45:07'),
	(1224, '0.00', NULL, 'TCHSVNNH2023001', 'Tank Level Monitor', 'ON', '12:11:44', '0', '2023-05-27 07:45:09', '2023-05-27 07:45:09'),
	(1225, '0.00', NULL, 'TCHSVNNH2023001', 'Tank Level Monitor', 'ON', '12:11:46', '0', '2023-05-27 07:45:11', '2023-05-27 07:45:11'),
	(1226, '0.00', NULL, 'TCHSVNNH2023001', 'Tank Level Monitor', 'ON', '12:11:51', '0', '2023-05-27 07:45:15', '2023-05-27 07:45:15'),
	(1227, '0.00', NULL, 'TCHSVNNH2023001', 'Tank Level Monitor', 'ON', '12:11:55', '0', '2023-05-27 07:45:18', '2023-05-27 07:45:18'),
	(1228, '0.00', NULL, 'TCHSVNNH2023001', 'Tank Level Monitor', 'ON', '12:11:58', '0', '2023-05-27 07:45:22', '2023-05-27 07:45:22'),
	(1229, '0.00', NULL, 'TCHSVNNH2023001', 'Tank Level Monitor', 'ON', '12:12:02', '0', '2023-05-27 07:45:25', '2023-05-27 07:45:25'),
	(1230, '0.00', NULL, 'TCHSVNNH2023001', 'Tank Level Monitor', 'ON', '12:12:04', '0', '2023-05-27 07:45:27', '2023-05-27 07:45:27'),
	(1231, '0.00', NULL, 'TCHSVNNH2023001', 'Tank Level Monitor', 'ON', '12:12:07', '0', '2023-05-27 07:45:31', '2023-05-27 07:45:31'),
	(1232, '0.00', NULL, 'TCHSVNNH2023001', 'Tank Level Monitor', 'ON', '12:12:10', '0', '2023-05-27 07:45:34', '2023-05-27 07:45:34'),
	(1233, '21.49', NULL, 'TCHSVNNH2023001', 'Tank Level Monitor', 'ON', NULL, '-21', '2023-05-27 07:49:07', '2023-05-27 07:49:07'),
	(1234, '21.47', NULL, 'TCHSVNNH2023001', 'Tank Level Monitor', 'ON', NULL, '-26', '2023-05-27 07:51:08', '2023-05-27 07:51:08'),
	(1235, '21.57', NULL, 'TCHSVNNH2023001', 'Tank Level Monitor', 'ON', NULL, '-12', '2023-05-27 07:53:09', '2023-05-27 07:53:09'),
	(1236, '21.54', NULL, 'TCHSVNNH2023001', 'Tank Level Monitor', 'ON', NULL, '-23', '2023-05-27 07:59:23', '2023-05-27 07:59:23'),
	(1237, '21.08', NULL, 'TCHSVNNH2023001', 'Tank Level Monitor', 'ON', NULL, '-24', '2023-05-27 08:01:26', '2023-05-27 08:01:26'),
	(1238, '20.66', NULL, 'TCHSVNNH2023001', 'Tank Level Monitor', 'ON', NULL, '-29', '2023-05-27 08:03:27', '2023-05-27 08:03:27'),
	(1239, '20.66', NULL, 'TCHSVNNH2023001', 'Tank Level Monitor', 'ON', NULL, '-29', '2023-05-27 08:05:28', '2023-05-27 08:05:28'),
	(1240, '21.78', NULL, 'TCHSVNNH2023001', 'Tank Level Monitor', 'ON', NULL, '-22', '2023-05-27 08:07:31', '2023-05-27 08:07:31'),
	(1241, '21.78', NULL, 'TCHSVNNH2023001', 'Tank Level Monitor', 'ON', NULL, '-25', '2023-05-27 08:11:40', '2023-05-27 08:11:40'),
	(1242, '21.79', NULL, 'TCHSVNNH2023001', 'Tank Level Monitor', 'ON', NULL, '-27', '2023-05-27 08:13:40', '2023-05-27 08:13:40'),
	(1243, '21.79', NULL, 'TCHSVNNH2023001', 'Tank Level Monitor', 'ON', NULL, '-22', '2023-05-27 08:15:41', '2023-05-27 08:15:41'),
	(1244, '21.78', NULL, 'TCHSVNNH2023001', 'Tank Level Monitor', 'ON', NULL, '-23', '2023-05-27 08:17:47', '2023-05-27 08:17:47'),
	(1245, '780.67', NULL, 'TCHSVNNH2023001', 'Tank Level Monitor', 'ON', NULL, '-43', '2023-05-27 08:19:53', '2023-05-27 08:19:53'),
	(1246, '20.04', NULL, 'TCHSVNNH2023001', 'Tank Level Monitor', 'ON', NULL, '-43', '2023-05-27 08:21:59', '2023-05-27 08:21:59'),
	(1247, '20.30', NULL, 'TCHSVNNH2023001', 'Tank Level Monitor', 'ON', NULL, '-43', '2023-05-27 08:24:00', '2023-05-27 08:24:00'),
	(1248, '21.79', NULL, 'TCHSVNNH2023001', 'Tank Level Monitor', 'ON', NULL, '-45', '2023-05-27 08:26:02', '2023-05-27 08:26:02'),
	(1249, '21.39', NULL, 'TCHSVNNH2023001', 'Tank Level Monitor', 'ON', NULL, '-44', '2023-05-27 08:28:03', '2023-05-27 08:28:03'),
	(1250, '22.15', NULL, 'TCHSVNNH2023001', 'Tank Level Monitor', 'ON', NULL, '-48', '2023-05-27 08:30:07', '2023-05-27 08:30:07'),
	(1251, '781.00', NULL, 'TCHSVNNH2023001', 'Tank Level Monitor', 'ON', NULL, '-45', '2023-05-27 08:32:30', '2023-05-27 08:32:30'),
	(1252, '21.39', NULL, 'TCHSVNNH2023001', 'Tank Level Monitor', 'ON', NULL, '-38', '2023-05-27 08:34:24', '2023-05-27 08:34:24'),
	(1253, '20.25', NULL, 'TCHSVNNH2023001', 'Tank Level Monitor', 'ON', NULL, '-52', '2023-05-27 08:36:21', '2023-05-27 08:36:21'),
	(1255, '23', 12, '4566', 'test2', 'test2', 'test2', NULL, '2023-07-04 04:47:44', '2023-07-04 04:47:44'),
	(1256, '14', 1, '4566', 'test', 'Active', '12:01:59', NULL, '2023-07-05 18:04:17', '2023-07-05 18:04:17'),
	(1257, '14', 1, '4566', 'test', 'Active', '12:01:59', NULL, '2023-07-09 09:43:47', '2023-07-09 09:43:47');

-- Dumping structure for table thingspeaklocal.failed_jobs
CREATE TABLE IF NOT EXISTS `failed_jobs` (
  `id` bigint(20) unsigned NOT NULL AUTO_INCREMENT,
  `uuid` varchar(255) NOT NULL,
  `connection` text NOT NULL,
  `queue` text NOT NULL,
  `payload` longtext NOT NULL,
  `exception` longtext NOT NULL,
  `failed_at` timestamp NOT NULL DEFAULT current_timestamp(),
  PRIMARY KEY (`id`),
  UNIQUE KEY `failed_jobs_uuid_unique` (`uuid`)
) ENGINE=InnoDB DEFAULT CHARSET=utf8mb4 COLLATE=utf8mb4_unicode_ci;

-- Dumping data for table thingspeaklocal.failed_jobs: ~0 rows (approximately)

-- Dumping structure for table thingspeaklocal.location
CREATE TABLE IF NOT EXISTS `location` (
  `id` int(11) NOT NULL AUTO_INCREMENT,
  `location` varchar(50) DEFAULT NULL,
  `site_id` int(11) DEFAULT NULL,
  `created_at` timestamp NULL DEFAULT NULL,
  `updated_at` timestamp NULL DEFAULT NULL,
  KEY `Index 1` (`id`)
) ENGINE=InnoDB AUTO_INCREMENT=11 DEFAULT CHARSET=utf8mb4 COLLATE=utf8mb4_unicode_ci;

-- Dumping data for table thingspeaklocal.location: ~4 rows (approximately)
INSERT INTO `location` (`id`, `location`, `site_id`, `created_at`, `updated_at`) VALUES
	(5, 'Kamakis', 6, '2023-06-11 17:36:23', '2023-06-11 17:36:23'),
	(6, 'ruiru ndani', 6, '2023-06-11 17:51:34', '2023-06-11 17:51:34'),
	(7, 'coner', 5, '2023-06-11 17:52:31', '2023-06-11 17:52:31'),
	(10, 'coner3dn', 5, '2023-06-11 18:26:57', '2023-06-11 18:43:01');

-- Dumping structure for table thingspeaklocal.migrations
CREATE TABLE IF NOT EXISTS `migrations` (
  `id` int(10) unsigned NOT NULL AUTO_INCREMENT,
  `migration` varchar(255) NOT NULL,
  `batch` int(11) NOT NULL,
  PRIMARY KEY (`id`)
) ENGINE=InnoDB AUTO_INCREMENT=28 DEFAULT CHARSET=utf8mb4 COLLATE=utf8mb4_unicode_ci;

-- Dumping data for table thingspeaklocal.migrations: ~9 rows (approximately)
INSERT INTO `migrations` (`id`, `migration`, `batch`) VALUES
	(19, '2014_10_12_000000_create_users_table', 1),
	(20, '2014_10_12_100000_create_password_resets_table', 1),
	(21, '2016_06_01_000001_create_oauth_auth_codes_table', 1),
	(22, '2016_06_01_000002_create_oauth_access_tokens_table', 1),
	(23, '2016_06_01_000003_create_oauth_refresh_tokens_table', 1),
	(24, '2016_06_01_000004_create_oauth_clients_table', 1),
	(25, '2016_06_01_000005_create_oauth_personal_access_clients_table', 1),
	(26, '2019_08_19_000000_create_failed_jobs_table', 1),
	(27, '2019_12_14_000001_create_personal_access_tokens_table', 1);

-- Dumping structure for table thingspeaklocal.notification
CREATE TABLE IF NOT EXISTS `notification` (
  `id` int(100) unsigned NOT NULL AUTO_INCREMENT,
  `user_id` int(50) unsigned DEFAULT NULL,
  `subject` varchar(250) DEFAULT NULL,
  `message` longtext DEFAULT NULL,
  `is_read` int(5) DEFAULT 0,
  `created_at` timestamp NULL DEFAULT NULL,
  `updated_at` timestamp NULL DEFAULT NULL,
  KEY `Index 1` (`id`),
  KEY `FK_notification_users` (`user_id`),
  CONSTRAINT `FK_notification_users` FOREIGN KEY (`user_id`) REFERENCES `users22` (`id`) ON DELETE NO ACTION ON UPDATE NO ACTION
) ENGINE=InnoDB AUTO_INCREMENT=26 DEFAULT CHARSET=utf8mb4 COLLATE=utf8mb4_unicode_ci;

-- Dumping data for table thingspeaklocal.notification: ~7 rows (approximately)
INSERT INTO `notification` (`id`, `user_id`, `subject`, `message`, `is_read`, `created_at`, `updated_at`) VALUES
	(3, 1, 'The New Projectr', 'Id like to know the progress of the project', 1, '2023-05-31 23:41:44', '2023-06-01 20:36:41'),
	(4, 1, 'Field Stipend', 'Id like to know the progress of the stipend processing', 1, '2023-05-31 23:41:39', '2023-06-01 20:36:56'),
	(9, 1, 'Field Stipend', 'Id like to know the progress of the stipend processing', 1, '2023-06-23 20:55:55', '2023-06-04 20:06:33'),
	(22, 1, 'Subscription Early warnig', 'your subscription premium yearly  for duration yearly and 13 of devices NewModelT5 PG Monitor is due for subscription in 5 or less days', 0, '2023-07-03 18:10:57', '2023-07-03 18:10:57'),
	(23, 1, 'Subscription Early warnig', 'your subscription premium yearly  for duration yearly and 13 of devices NewModelT5 PG Monitor is due for subscription in 5 or less days', 0, '2023-07-04 04:45:40', '2023-07-04 04:45:40'),
	(24, 1, 'Subscription Early warnig', 'your subscription premium yearly  for duration yearly and 13 of devices NewModelT5 PG Monitor is due for subscription in 5 or less days', 0, '2023-07-05 17:23:18', '2023-07-05 17:23:18'),
	(25, 1, 'Subscription Early warnig', 'your subscription premium yearly  for duration yearly and 13 of devices NewModelT5 PG Monitor is due for subscription in 5 or less days', 0, '2023-07-09 08:44:27', '2023-07-09 08:44:27');

-- Dumping structure for table thingspeaklocal.notification_config
CREATE TABLE IF NOT EXISTS `notification_config` (
  `id` int(11) NOT NULL AUTO_INCREMENT,
  `user_id` int(111) DEFAULT NULL,
  `notify_by` varchar(150) DEFAULT NULL,
  `at_level` int(100) DEFAULT NULL,
  `how_frequent` varchar(150) DEFAULT NULL,
  `created_at` timestamp NULL DEFAULT NULL,
  `updated_at` timestamp NULL DEFAULT NULL,
  KEY `Index 1` (`id`)
) ENGINE=InnoDB AUTO_INCREMENT=6 DEFAULT CHARSET=utf8mb4 COLLATE=utf8mb4_unicode_ci;

-- Dumping data for table thingspeaklocal.notification_config: ~1 rows (approximately)
INSERT INTO `notification_config` (`id`, `user_id`, `notify_by`, `at_level`, `how_frequent`, `created_at`, `updated_at`) VALUES
	(5, 1, '5', 4, '4', '2023-06-23 23:04:09', '2023-06-23 23:04:09');

-- Dumping structure for table thingspeaklocal.oauth_access_tokens
CREATE TABLE IF NOT EXISTS `oauth_access_tokens` (
  `id` varchar(100) NOT NULL,
  `user_id` bigint(20) unsigned DEFAULT NULL,
  `client_id` bigint(20) unsigned NOT NULL,
  `name` varchar(255) DEFAULT NULL,
  `scopes` text DEFAULT NULL,
  `revoked` tinyint(1) NOT NULL,
  `created_at` timestamp NULL DEFAULT NULL,
  `updated_at` timestamp NULL DEFAULT NULL,
  `expires_at` datetime DEFAULT NULL,
  PRIMARY KEY (`id`),
  KEY `oauth_access_tokens_user_id_index` (`user_id`)
) ENGINE=InnoDB DEFAULT CHARSET=utf8mb4 COLLATE=utf8mb4_unicode_ci;

-- Dumping data for table thingspeaklocal.oauth_access_tokens: ~5 rows (approximately)
INSERT INTO `oauth_access_tokens` (`id`, `user_id`, `client_id`, `name`, `scopes`, `revoked`, `created_at`, `updated_at`, `expires_at`) VALUES
	('3f3e1ab1b3ec41ceda7370c6e011f7f1d5c61c7a33892134aa75d43c1ec7b24ae893ee9fddc602cb', 1, 1, 'MyApp', '[]', 0, '2023-07-09 08:47:58', '2023-07-09 08:47:58', '2024-07-09 11:47:58'),
	('421fbaa8b61ad9098e4a9d828cf5bbb3679e43e7d057682b400d20e8151474ba105e373f57e72fd0', 1, 1, 'MyApp', '[]', 0, '2023-07-09 08:56:26', '2023-07-09 08:56:26', '2024-07-09 11:56:26'),
	('a763ead7e7040760a6d16c610142bedfdc7fdfbb7eedbdfb498f2c7b162652f261b9b38bc24efbfc', 1, 1, 'MyApp', '[]', 0, '2023-07-09 09:05:45', '2023-07-09 09:05:45', '2024-07-09 12:05:45'),
	('bb7f64dc5f6268e4970869e65758d6c71561748ba65a7c781ffdf5d9727620e157fbafc8efd2ceae', 1, 1, 'MyApp', '[]', 0, '2023-07-09 08:50:38', '2023-07-09 08:50:38', '2024-07-09 11:50:38'),
	('da6f117b4c750ad20eb8757549148ce92032cf27555f10fb2fbe61decb2ab54bdaa559660330ec9f', 1, 5, 'MyApp', '[]', 0, '2023-07-09 09:20:48', '2023-07-09 09:20:48', '2024-07-09 12:20:48');

-- Dumping structure for table thingspeaklocal.oauth_auth_codes
CREATE TABLE IF NOT EXISTS `oauth_auth_codes` (
  `id` varchar(100) NOT NULL,
  `user_id` bigint(20) unsigned NOT NULL,
  `client_id` bigint(20) unsigned NOT NULL,
  `scopes` text DEFAULT NULL,
  `revoked` tinyint(1) NOT NULL,
  `expires_at` datetime DEFAULT NULL,
  PRIMARY KEY (`id`),
  KEY `oauth_auth_codes_user_id_index` (`user_id`)
) ENGINE=InnoDB DEFAULT CHARSET=utf8mb4 COLLATE=utf8mb4_unicode_ci;

-- Dumping data for table thingspeaklocal.oauth_auth_codes: ~0 rows (approximately)

-- Dumping structure for table thingspeaklocal.oauth_clients
CREATE TABLE IF NOT EXISTS `oauth_clients` (
  `id` bigint(20) unsigned NOT NULL AUTO_INCREMENT,
  `user_id` bigint(20) unsigned DEFAULT NULL,
  `name` varchar(255) NOT NULL,
  `secret` varchar(100) DEFAULT NULL,
  `provider` varchar(255) DEFAULT NULL,
  `redirect` text NOT NULL,
  `personal_access_client` tinyint(1) NOT NULL,
  `password_client` tinyint(1) NOT NULL,
  `revoked` tinyint(1) NOT NULL,
  `created_at` timestamp NULL DEFAULT NULL,
  `updated_at` timestamp NULL DEFAULT NULL,
  PRIMARY KEY (`id`),
  KEY `oauth_clients_user_id_index` (`user_id`)
) ENGINE=InnoDB AUTO_INCREMENT=7 DEFAULT CHARSET=utf8mb4 COLLATE=utf8mb4_unicode_ci;

-- Dumping data for table thingspeaklocal.oauth_clients: ~6 rows (approximately)
INSERT INTO `oauth_clients` (`id`, `user_id`, `name`, `secret`, `provider`, `redirect`, `personal_access_client`, `password_client`, `revoked`, `created_at`, `updated_at`) VALUES
	(1, NULL, 'Laravel Personal Access Client', 'saS9m7T2ihDrvAYSmFdHkLf5MkyMC7RZkhoSLgq0', NULL, 'http://localhost', 1, 0, 0, '2023-07-09 08:22:18', '2023-07-09 08:22:18'),
	(2, NULL, 'Laravel Password Grant Client', '0QMl0ZQf7zPJraN3vXNAvNV9tsV76fK5wNG0KMuq', 'users', 'http://localhost', 0, 1, 0, '2023-07-09 08:22:18', '2023-07-09 08:22:18'),
	(3, NULL, 'Laravel Personal Access Client', 's1exiSZpkbTuIA8Yvuk7WHbSB44A91XpWPRV1AZI', NULL, 'http://localhost', 1, 0, 0, '2023-07-09 09:14:07', '2023-07-09 09:14:07'),
	(4, NULL, 'Laravel Password Grant Client', 'xbBhogCc6EEre9YQ8hhGnEWy9YbczsjvyrM2WJxa', 'users', 'http://localhost', 0, 1, 0, '2023-07-09 09:14:07', '2023-07-09 09:14:07'),
	(5, NULL, 'Laravel Personal Access Client', 'PsloCbNKMLr0lQm4MWTwIabxhnBikGR6jo4PPxvI', NULL, 'http://localhost', 1, 0, 0, '2023-07-09 09:19:27', '2023-07-09 09:19:27'),
	(6, NULL, 'Laravel Password Grant Client', 'CT7JpQsarmeOPPsXErX1mbGj6AHLzIKBvmqe7Uo2', 'users', 'http://localhost', 0, 1, 0, '2023-07-09 09:19:27', '2023-07-09 09:19:27');

-- Dumping structure for table thingspeaklocal.oauth_personal_access_clients
CREATE TABLE IF NOT EXISTS `oauth_personal_access_clients` (
  `id` bigint(20) unsigned NOT NULL AUTO_INCREMENT,
  `client_id` bigint(20) unsigned NOT NULL,
  `created_at` timestamp NULL DEFAULT NULL,
  `updated_at` timestamp NULL DEFAULT NULL,
  PRIMARY KEY (`id`)
) ENGINE=InnoDB AUTO_INCREMENT=4 DEFAULT CHARSET=utf8mb4 COLLATE=utf8mb4_unicode_ci;

-- Dumping data for table thingspeaklocal.oauth_personal_access_clients: ~3 rows (approximately)
INSERT INTO `oauth_personal_access_clients` (`id`, `client_id`, `created_at`, `updated_at`) VALUES
	(1, 1, '2023-07-09 08:22:18', '2023-07-09 08:22:18'),
	(2, 3, '2023-07-09 09:14:07', '2023-07-09 09:14:07'),
	(3, 5, '2023-07-09 09:19:27', '2023-07-09 09:19:27');

-- Dumping structure for table thingspeaklocal.oauth_refresh_tokens
CREATE TABLE IF NOT EXISTS `oauth_refresh_tokens` (
  `id` varchar(100) NOT NULL,
  `access_token_id` varchar(100) NOT NULL,
  `revoked` tinyint(1) NOT NULL,
  `expires_at` datetime DEFAULT NULL,
  PRIMARY KEY (`id`),
  KEY `oauth_refresh_tokens_access_token_id_index` (`access_token_id`)
) ENGINE=InnoDB DEFAULT CHARSET=utf8mb4 COLLATE=utf8mb4_unicode_ci;

-- Dumping data for table thingspeaklocal.oauth_refresh_tokens: ~0 rows (approximately)

-- Dumping structure for table thingspeaklocal.password_resets
CREATE TABLE IF NOT EXISTS `password_resets` (
  `email` varchar(255) NOT NULL,
  `token` varchar(255) NOT NULL,
  `created_at` timestamp NULL DEFAULT NULL,
  KEY `password_resets_email_index` (`email`)
) ENGINE=InnoDB DEFAULT CHARSET=utf8mb4 COLLATE=utf8mb4_unicode_ci;

-- Dumping data for table thingspeaklocal.password_resets: ~0 rows (approximately)

-- Dumping structure for table thingspeaklocal.personal_access_tokens
CREATE TABLE IF NOT EXISTS `personal_access_tokens` (
  `id` bigint(20) unsigned NOT NULL AUTO_INCREMENT,
  `tokenable_type` varchar(255) NOT NULL,
  `tokenable_id` bigint(20) unsigned NOT NULL,
  `name` varchar(255) NOT NULL,
  `token` varchar(64) NOT NULL,
  `abilities` text DEFAULT NULL,
  `last_used_at` timestamp NULL DEFAULT NULL,
  `created_at` timestamp NULL DEFAULT NULL,
  `updated_at` timestamp NULL DEFAULT NULL,
  PRIMARY KEY (`id`),
  UNIQUE KEY `personal_access_tokens_token_unique` (`token`),
  KEY `personal_access_tokens_tokenable_type_tokenable_id_index` (`tokenable_type`,`tokenable_id`)
) ENGINE=InnoDB DEFAULT CHARSET=utf8mb4 COLLATE=utf8mb4_unicode_ci;

-- Dumping data for table thingspeaklocal.personal_access_tokens: ~0 rows (approximately)

-- Dumping structure for table thingspeaklocal.receipts
CREATE TABLE IF NOT EXISTS `receipts` (
  `id` int(11) NOT NULL AUTO_INCREMENT,
  `total_amount` int(11) DEFAULT 0,
  `created_at` timestamp NULL DEFAULT NULL,
  `updated_at` timestamp NULL DEFAULT NULL,
  KEY `Index 1` (`id`)
) ENGINE=InnoDB AUTO_INCREMENT=39 DEFAULT CHARSET=utf8mb4 COLLATE=utf8mb4_unicode_ci;

-- Dumping data for table thingspeaklocal.receipts: ~16 rows (approximately)
INSERT INTO `receipts` (`id`, `total_amount`, `created_at`, `updated_at`) VALUES
	(23, 133100, '2023-06-18 21:42:58', '2023-06-18 21:42:58'),
	(24, 133100, '2023-06-19 06:03:52', '2023-06-19 06:03:52'),
	(25, 133100, '2023-06-19 06:25:14', '2023-06-19 06:25:14'),
	(26, 133100, '2023-06-19 06:26:23', '2023-06-19 06:26:23'),
	(27, 133100, '2023-06-19 06:27:58', '2023-06-19 06:27:58'),
	(28, 133100, '2023-06-19 06:28:39', '2023-06-19 06:28:39'),
	(29, 133100, '2023-06-19 06:30:03', '2023-06-19 06:30:03'),
	(30, 71500, '2023-06-19 09:01:41', '2023-06-19 09:01:41'),
	(31, 41300, '2023-06-19 20:44:24', '2023-06-19 20:44:24'),
	(32, 41300, '2023-06-19 20:45:04', '2023-06-19 20:45:04'),
	(33, 41300, '2023-06-19 20:49:50', '2023-06-19 20:49:50'),
	(34, 230000, '2023-06-26 06:01:42', '2023-06-26 06:01:42'),
	(35, 20400, '2023-06-26 06:34:36', '2023-06-26 06:34:36'),
	(36, 27600, '2023-06-26 07:02:42', '2023-06-26 07:02:42'),
	(37, 5000, '2023-06-26 07:05:20', '2023-06-26 07:05:20'),
	(38, 15600, '2023-06-26 07:34:47', '2023-06-26 07:34:47');

-- Dumping structure for table thingspeaklocal.sites
CREATE TABLE IF NOT EXISTS `sites` (
  `id` int(10) unsigned NOT NULL AUTO_INCREMENT,
  `site_name` varchar(250) DEFAULT NULL,
  `created_at` timestamp NULL DEFAULT NULL,
  `updated_at` timestamp NULL DEFAULT NULL,
  KEY `Index 1` (`id`)
) ENGINE=InnoDB AUTO_INCREMENT=7 DEFAULT CHARSET=utf8mb4 COLLATE=utf8mb4_unicode_ci;

-- Dumping data for table thingspeaklocal.sites: ~2 rows (approximately)
INSERT INTO `sites` (`id`, `site_name`, `created_at`, `updated_at`) VALUES
	(5, 'Embakasi East', '2023-06-11 16:29:23', '2023-06-11 16:29:23'),
	(6, 'Ruiru ndani', '2023-06-11 16:44:52', '2023-06-11 17:36:00');

-- Dumping structure for table thingspeaklocal.subscribed_packages
CREATE TABLE IF NOT EXISTS `subscribed_packages` (
  `id` int(11) NOT NULL AUTO_INCREMENT,
  `user_id` int(11) DEFAULT NULL,
  `subscription_package_id` int(11) DEFAULT NULL,
  `no_of_devices` int(110) DEFAULT NULL,
  `status` varchar(250) DEFAULT NULL,
  `isPayed` varchar(250) DEFAULT NULL,
  `next_payment` varchar(250) DEFAULT NULL,
  `receipt_id` varchar(250) DEFAULT NULL,
  `created_at` timestamp NULL DEFAULT NULL,
  `updated_at` timestamp NULL DEFAULT NULL,
  KEY `Index 1` (`id`)
) ENGINE=InnoDB AUTO_INCREMENT=13 DEFAULT CHARSET=utf8mb4 COLLATE=utf8mb4_unicode_ci;

-- Dumping data for table thingspeaklocal.subscribed_packages: ~2 rows (approximately)
INSERT INTO `subscribed_packages` (`id`, `user_id`, `subscription_package_id`, `no_of_devices`, `status`, `isPayed`, `next_payment`, `receipt_id`, `created_at`, `updated_at`) VALUES
	(11, 1, 14, 10, 'Inactive', 'No', '2023-06-01 23:25:07', '37', '2023-06-26 07:05:07', '2023-07-03 17:28:13'),
	(12, 1, 11, 13, 'Active', 'Yes', '2024-06-26 10:34:20', '38', '2023-06-26 07:34:20', '2023-06-26 07:34:57');

-- Dumping structure for table thingspeaklocal.subscription
CREATE TABLE IF NOT EXISTS `subscription` (
  `id` int(100) unsigned NOT NULL AUTO_INCREMENT,
  `sub_name` varchar(255) DEFAULT NULL,
  `sub_duration` varchar(255) DEFAULT NULL,
  `sub_device_type` varchar(255) DEFAULT NULL,
  `sub_amount` varchar(255) DEFAULT NULL,
  `created_at` timestamp NULL DEFAULT NULL,
  `updated_at` timestamp NULL DEFAULT NULL,
  KEY `Index 1` (`id`)
) ENGINE=InnoDB AUTO_INCREMENT=15 DEFAULT CHARSET=utf8mb4 COLLATE=utf8mb4_unicode_ci;

-- Dumping data for table thingspeaklocal.subscription: ~4 rows (approximately)
INSERT INTO `subscription` (`id`, `sub_name`, `sub_duration`, `sub_device_type`, `sub_amount`, `created_at`, `updated_at`) VALUES
	(11, 'premium yearly', 'yearly', 'NewModelT5 PG Monitor', '1200', '2023-06-26 06:28:06', '2023-06-26 06:28:06'),
	(12, 'premium monthly', 'monthly', 'smart meter PG Monitor', '600', '2023-06-26 06:28:37', '2023-06-26 06:33:30'),
	(13, 'standard yearly', 'yearly', 'NewModelT5 PG Monitor', '1000', '2023-06-26 06:29:21', '2023-06-26 06:29:21'),
	(14, 'standard Monthly', 'monthly', 'NewModelT5 PG Monitor', '500', '2023-06-26 06:29:56', '2023-06-26 06:29:56');

-- Dumping structure for table thingspeaklocal.users
CREATE TABLE IF NOT EXISTS `users` (
  `id` bigint(20) unsigned NOT NULL AUTO_INCREMENT,
  `name` varchar(255) NOT NULL,
  `type_id` varchar(55) NOT NULL,
  `email` varchar(255) NOT NULL,
  `added_by` varchar(55) NOT NULL,
  `email_verified_at` timestamp NULL DEFAULT NULL,
  `phone_no` varchar(250) DEFAULT NULL,
  `password` varchar(255) NOT NULL,
  `remember_token` varchar(100) DEFAULT NULL,
  `created_at` timestamp NULL DEFAULT NULL,
  `updated_at` timestamp NULL DEFAULT NULL,
  PRIMARY KEY (`id`),
  UNIQUE KEY `users_email_unique` (`email`)
) ENGINE=InnoDB AUTO_INCREMENT=2 DEFAULT CHARSET=utf8mb4 COLLATE=utf8mb4_unicode_ci;

-- Dumping data for table thingspeaklocal.users: ~1 rows (approximately)
INSERT INTO `users` (`id`, `name`, `type_id`, `email`, `added_by`, `email_verified_at`, `phone_no`, `password`, `remember_token`, `created_at`, `updated_at`) VALUES
	(1, 'silvanussigei1996@gmail.com', '2', 'silvanussigei1996@gmail.com', '1', NULL, '0706666100', '$2y$10$UNmiUR5eb54UAdaoCSlQWONwO9LxQxW/g2EEx59RvcUfYNh5HtshC', NULL, '2023-07-09 08:44:27', '2023-07-09 08:44:27');

-- Dumping structure for table thingspeaklocal.users22
CREATE TABLE IF NOT EXISTS `users22` (
  `id` int(50) unsigned NOT NULL AUTO_INCREMENT,
  `type_id` int(50) unsigned DEFAULT NULL,
  `profile_image` varchar(250) DEFAULT NULL,
  `name` varchar(255) NOT NULL,
  `email` varchar(255) NOT NULL,
  `phone_no` varchar(255) NOT NULL,
  `password` varchar(255) NOT NULL,
  `added_by` int(50) NOT NULL DEFAULT 0,
  `created_at` timestamp NOT NULL DEFAULT current_timestamp() ON UPDATE current_timestamp(),
  `updated_at` timestamp NOT NULL DEFAULT '0000-00-00 00:00:00',
  PRIMARY KEY (`id`)
) ENGINE=InnoDB AUTO_INCREMENT=17 DEFAULT CHARSET=utf8mb4 COLLATE=utf8mb4_unicode_ci;

-- Dumping data for table thingspeaklocal.users22: ~5 rows (approximately)
INSERT INTO `users22` (`id`, `type_id`, `profile_image`, `name`, `email`, `phone_no`, `password`, `added_by`, `created_at`, `updated_at`) VALUES
	(1, 1, 'uploads/profiles/1687566797.png', 'Sylvestus Sigei', 'silvanussigei1996@gmail.com', '0706666100', '$2y$10$/RnFflE7QXebUZ7KcA0.S.1fIlpiFMUgBZJx26Y6L8upR.etrRCvS', 1, '2023-06-24 00:33:17', '2023-06-23 21:33:17'),
	(2, 2, NULL, 'John Doe2', 'john@example.com', '+254702658880', '$2y$10$IB.Nh669ElEGoy2jx6uNNeFy5yeK1Llm90ZEM6xCmGSclgS3.sYCi', 1, '2023-06-19 21:50:18', '2023-06-19 18:50:18'),
	(12, 2, NULL, 'silvano the don', 'silvanussige6@gmail.com', '07066661001', '$2y$10$nzqjTz/iQdWJWVHusvhl6OC2Mtz6MKb49DZuEslEhnNleyikczdR6', 2, '2023-06-15 12:29:49', '2023-06-05 21:25:29'),
	(13, 1, NULL, 'Glenfiddich', 'Glenfiddich@gmail.com', '+254702657780', '$2y$10$inD0HdOeMDy37jZESDnDT.6F.KS57PlWWsgzUUGxqEG30xIbXWrvG', 1, '2023-06-19 18:57:52', '2023-06-19 18:57:52'),
	(16, 2, NULL, 'Kiprotich', 'Kiprotich@gmail.com', '+254702658880', '$2y$10$4ZdS60YJk4NRpO0f3tEVReNZgGarcQRxNzw0uwOvOGd7FQSmtjpf.', 12, '2023-06-19 21:36:04', '2023-06-19 21:36:04');

-- Dumping structure for table thingspeaklocal.user_types
CREATE TABLE IF NOT EXISTS `user_types` (
  `id` int(50) unsigned NOT NULL AUTO_INCREMENT,
  `type` varchar(250) DEFAULT NULL,
  KEY `Index 1` (`id`)
) ENGINE=InnoDB AUTO_INCREMENT=3 DEFAULT CHARSET=utf8mb4 COLLATE=utf8mb4_unicode_ci;

-- Dumping data for table thingspeaklocal.user_types: ~2 rows (approximately)
INSERT INTO `user_types` (`id`, `type`) VALUES
	(1, 'Admin'),
	(2, 'User');

/*!40103 SET TIME_ZONE=IFNULL(@OLD_TIME_ZONE, 'system') */;
/*!40101 SET SQL_MODE=IFNULL(@OLD_SQL_MODE, '') */;
/*!40014 SET FOREIGN_KEY_CHECKS=IFNULL(@OLD_FOREIGN_KEY_CHECKS, 1) */;
/*!40101 SET CHARACTER_SET_CLIENT=@OLD_CHARACTER_SET_CLIENT */;
/*!40111 SET SQL_NOTES=IFNULL(@OLD_SQL_NOTES, 1) */;
